name,ra_deg,dec_deg,mag
Rigil Kentaurus,219.90207,-60.83398,0.01
Vega,279.23474,38.78369,0.03
Arcturus,213.9153,19.18241,0.05
Montuno,66.3709,-30.60045,0.06
Capella,79.17233,45.99799,0.08
Naledi,87.13997,-63.98844,0.12
Rigel,78.63447,-8.20164,0.18
Koeia,41.67869,-23.08661,0.25
Amansinaya,165.39957,-23.86066,0.3
Sansuna,303.19536,18.10483,0.31
Gloas,140.10298,33.88242,0.38
Procyon,114.82549,5.22499,0.4
Achernar,24.42852,-57.23675,0.45
Betelgeuse,88.79294,7.40706,0.45
Sterrennacht,354.77421,42.46597,0.54
Mpingo,29.26335,0.75885,0.57
Hadar,210.95586,-60.37304,0.61
Canopus,95.98796,-52.69566,0.62
Altair,297.69583,8.86832,0.76
Tislit,126.33785,-11.50099,0.77
Koit,110.38817,58.26809,0.78
Nyamien,208.92797,-32.15962,0.8
Diya,41.04004,-30.16905,0.84
Aldebaran,68.98016,16.5093,0.87
Spica,201.29825,-11.16132,0.98
Proxima Centauri,217.42895,-62.67948,1.01
Antares,247.35191,-26.432,1.06
Pollux,116.32896,28.0262,1.16
Fomalhaut,344.41269,-29.62224,1.17
Deneb,310.35798,45.28034,1.25
Mimosa,191.93026,-59.68876,1.25
Petra,303.16737,-2.14422,1.27
Dombay,206.09414,48.02867,1.28
Moldoveanu,240.54936,28.16956,1.28
Acrux,186.64956,-63.09909,1.33
Sharjah,243.17408,-18.8755,1.34
Taika,335.51286,45.45737,1.35
Toliman,219.8961,-60.83753,1.35
Regulus,152.09296,11.96721,1.36
Diwo,239.96229,-28.06175,1.38
Tangra,347.49272,18.39608,1.4
Parumleo,3.9617,1.20044,1.41
Sirius,101.28715,-16.71612,1.45
Adhara,104.65645,-28.97209,1.5
Chaophraya,43.68806,-10.89806,1.55
Mazaalai,171.27494,41.02796,1.56
Tojil,52.81803,-23.81968,1.58
Gacrux,187.7915,-57.11321,1.59
Bellatrix,81.28276,6.3497,1.64
Elnath,81.57297,28.60745,1.65
Miaplacidus,138.29991,-69.71721,1.67
Alnilam,84.05339,-1.20192,1.69
Berehynia,66.24806,39.46064,1.72
Alnair,332.05827,-46.96097,1.73
Muspelheim,33.13116,51.77877,1.73
Alnitak,85.18969,-1.94257,1.74
Alioth,193.50729,55.95982,1.76
Kaus Australis,276.04299,-34.38462,1.79
Mirfak,51.08071,49.86118,1.79
Dubhe,165.93196,61.75104,1.81
Chason,274.40547,36.62144,1.82
Wezen,107.09785,-26.3932,1.83
Alkaid,206.88516,49.31327,1.85
Avior,125.62848,-59.50948,1.86
Sargas,264.32971,-42.99782,1.86
Malmok,217.32673,-3.4445,1.89
Menkalinan,89.88218,44.94743,1.9
Atria,252.16623,-69.02771,1.91
Alhena,99.42796,16.39928,1.93
Peacock,306.4119,-56.73509,1.94
Absolutno,116.71651,39.09457,1.95
Anadolu,348.49482,8.76127,1.95
Castor,113.64943,31.88828,1.98
Marohu,348.15724,-22.67397,1.98
Mirzam,95.67494,-17.95592,1.98
Alphard,141.89685,-8.6586,1.99
Alsephina,131.17594,-54.70882,1.99
Lerna,135.34437,6.09723,2.0
Hamal,31.79336,23.46242,2.01
Diphda,10.89738,-17.98661,2.04
Nunki,283.81636,-26.29672,2.05
Menkent,211.67062,-36.36996,2.06
Alpheratz,2.09692,29.09043,2.07
Kochab,222.67636,74.1555,2.07
Mirach,17.43301,35.62056,2.07
Saiph,86.93912,-9.66961,2.07
Rasalhague,263.73363,12.56003,2.08
Shaula,263.40217,-37.10382,2.08
Algol,47.04221,40.95565,2.09
Tuiren,188.26628,44.91533,2.09
Almach,30.9748,42.32973,2.1
Tiaki,340.66688,-46.88458,2.12
Polaris,37.95456,89.26411,2.13
Denebola,177.26491,14.57206,2.14
Tevel,110.16857,37.14065,2.15
Moriah,306.12385,16.76217,2.17
Morava,356.66656,31.15594,2.18
Pipoltr,268.02924,37.54618,2.2
Aspidiske,139.27253,-59.27523,2.21
Naos,120.89603,-40.00315,2.21
Alphecca,233.67195,26.71469,2.22
Mizar,200.98143,54.92536,2.23
Sadr,305.55709,40.25668,2.23
Suhail,136.99899,-43.43259,2.23
Eltanin,269.15154,51.4889,2.24
Schedar,10.12684,56.53733,2.24
Mintaka,83.00167,-0.29909,2.25
Caph,2.29452,59.14978,2.28
Dschubba,240.08336,-22.62171,2.29
Larawag,252.54088,-34.29323,2.29
Horna,35.38325,32.24614,2.3
Merak,165.46032,56.38243,2.34
Izar,221.24676,27.07421,2.35
Enif,326.04648,9.87501,2.38
Ankaa,6.57094,-42.30608,2.4
Phecda,178.45768,53.69476,2.41
Sabik,257.59453,-15.72491,2.43
Scheat,345.94357,28.08279,2.44
Alderamin,319.64488,62.58557,2.45
Aludra,111.02376,-29.30311,2.45
Markeb,140.52841,-55.01067,2.47
Aljanah,311.55284,33.97026,2.48
Markab,346.19022,15.20527,2.49
Atakoraka,101.11502,-32.85838,2.53
Menkar,45.56988,4.08974,2.54
Acrab,241.3593,-19.80545,2.56
Zosma,168.52709,20.52372,2.56
Arneb,83.18257,-17.82229,2.58
Gienah,183.95154,-17.54193,2.58
Ascella,285.65304,-29.88006,2.6
Algieba,154.99314,19.84149,2.61
Zubeneschamali,229.25172,-9.38291,2.61
Unukalhai,236.06698,6.42563,2.63
Kraz,188.59681,-23.39676,2.65
Mahasim,89.93029,37.21258,2.65
Phact,84.91225,-34.07411,2.65
Ruchbah,21.45396,60.23528,2.66
Muphrid,208.67116,18.39772,2.68
Hassaleh,74.24842,33.1661,2.69
Lesath,262.69098,-37.29581,2.7
Sheratan,28.66005,20.80803,2.7
Kaus Media,275.24851,-29.8281,2.72
Tarazed,296.56491,10.61326,2.72
Athebyne,245.99786,61.51421,2.73
Yed Prior,243.58641,-3.69432,2.73
Imai,183.78632,-58.74893,2.75
Zubenelgenubi,222.71964,-16.04178,2.75
Cebalrai,265.86814,4.5673,2.76
Cursa,76.96244,-5.08645,2.78
Kornephoros,247.555,21.48961,2.78
Rastaban,262.60817,52.30139,2.79
Hatysa,83.85826,-5.9099,2.8
Kaus Borealis,276.99267,-25.4217,2.82
Paikauhale,248.97064,-28.21602,2.82
Algenib,3.30896,15.18359,2.83
Nihal,82.06135,-20.75944,2.83
Tureis,121.88604,-24.30432,2.83
Alcyone,56.87115,24.10514,2.85
Deneb Algedi,326.76018,-16.12729,2.85
Vindemiatrix,195.54416,10.95915,2.85
Tejat,95.74011,22.51358,2.87
Acamar,44.56531,-40.30467,2.88
Albaldah,287.44097,-21.02361,2.88
Cor Caroli,194.00694,38.31838,2.89
Fang,239.71297,-26.11411,2.89
Gomeisa,111.78767,8.28932,2.89
Alniyat,245.29715,-25.59279,2.9
Fawaris,296.24366,45.13081,2.9
Sadalsuud,322.88972,-5.57118,2.9
Matar,340.75058,30.22124,2.93
Algorab,187.46606,-16.51543,2.94
Sadalmelik,331.44598,-0.31985,2.95
Tianguan,84.41119,21.14254,2.97
Zaurak,59.50736,-13.50852,2.97
Alnasl,271.45202,-30.4241,2.98
Okab,286.35253,13.86348,2.99
Aldhanab,328.48219,-37.36485,3.0
Pherkad,230.18215,71.83402,3.0
Xamidimura,252.96763,-38.04738,3.0
Furud,95.0783,-30.06337,3.02
Almaaz,75.49222,43.82331,3.03
Seginus,218.01947,38.30825,3.04
Dabih,305.2528,-14.7814,3.05
Mebsuta,100.98303,25.13113,3.06
Tania Australis,155.58225,41.49952,3.06
Altais,288.13875,67.66154,3.07
Sarin,258.75796,24.8392,3.12
Talitha,134.80189,48.04183,3.12
Wazn,87.73997,-35.76831,3.12
Aldhibah,257.19665,65.71468,3.17
Haedus,76.62872,41.23448,3.18
Fuyue,267.4645,-37.0433,3.19
Tabit,72.46004,6.96127,3.19
Errai,354.83666,77.63231,3.21
Alfirk,322.16499,70.56072,3.23
Yed Posterior,244.58037,-4.69251,3.23
Brachium,226.01757,-25.28196,3.25
Sulafat,284.73593,32.68956,3.25
Skat,343.66256,-15.82083,3.27
Edasich,231.2324,58.96606,3.29
Megrez,183.8565,57.03261,3.32
Propus,93.7194,22.50679,3.32
Chertan,168.56002,15.42957,3.33
Alzirr,101.32235,12.89559,3.35
Muscida,127.56613,60.71817,3.35
Segin,28.59886,63.6701,3.35
Albireo,292.68035,27.95969,3.37
Rasalgethi,258.66191,14.39033,3.37
Heze,203.6733,-0.59582,3.38
Meissa,83.78449,9.93416,3.39
Minelauva,193.90087,3.39747,3.39
Homam,340.3655,10.83136,3.41
Mothallah,28.27045,29.57883,3.42
Adhafera,154.17257,23.41731,3.43
Porrima,190.41518,-1.44937,3.44
Azmidi,117.32356,-24.85979,3.45
Tania Borealis,154.27409,42.91436,3.45
Achird,12.27621,57.81519,3.46
Alula Borealis,169.61974,33.0943,3.49
Ashlesha,131.69379,6.41881,3.49
Nekkar,225.48651,40.39057,3.49
Nganurganity,105.42978,-27.93483,3.49
Sadalbari,342.50081,24.60158,3.51
Biham,332.54994,6.19786,3.52
Subra,145.28764,9.89231,3.52
Wasat,110.03075,21.98232,3.52
Ain,67.15416,19.18043,3.53
Rana,55.81209,-9.76339,3.53
Tarf,124.12884,9.18554,3.53
Kaffaljidhma,40.82516,3.23582,3.56
Pipirima,253.08394,-38.01754,3.56
Algedi,304.51357,-12.54485,3.58
Ginan,185.34004,-60.40115,3.59
Nembus,24.49815,48.62821,3.59
Zavijava,177.67383,1.76472,3.59
Sheliak,282.51998,33.36267,3.6
Bharani,42.49597,27.26051,3.61
Atlas,57.2906,24.05342,3.62
Rotanev,309.38723,14.59511,3.64
Prima Hyadum,64.94835,15.62764,3.65
Thuban,211.09729,64.37585,3.67
Fulu,9.24285,53.89691,3.69
Nashira,325.02274,-16.66231,3.69
Saclateni,75.61953,41.07584,3.69
Taiyangshou,176.51256,47.77941,3.69
Alshain,298.8283,6.40676,3.71
Electra,56.2189,24.11334,3.72
Chamukuy,67.16559,15.87088,3.73
Grumium,268.38221,56.87265,3.73
Ran,53.23269,-9.45826,3.73
Baten Kaitos,27.86514,-10.33504,3.74
Miram,42.67421,55.8955,3.77
Albali,311.91897,-9.49578,3.78
Secunda Hyadum,65.73372,17.54251,3.78
Misam,47.37405,44.85754,3.79
Praecipua,163.32794,34.21487,3.79
Theemin,68.88766,-30.56234,3.81
Alrescha,30.51177,2.76374,3.82
Giausar,172.85092,69.33107,3.82
Marfik,247.72845,1.98389,3.82
Alpherg,22.87087,15.34582,3.83
Atik,56.07972,32.28824,3.84
Polis,273.44087,-21.05883,3.84
Dalim,48.01886,-28.98762,3.86
Sadachbia,335.41406,-1.38733,3.86
Sualocin,309.90953,15.91207,3.86
Iklil,239.22115,-29.21407,3.87
Maia,56.4567,24.36775,3.87
Rasalas,148.1909,26.00695,3.88
Azha,44.10687,-8.89814,3.89
Nusakan,231.95721,29.1057,3.9
Ukdah,144.96401,-1.14281,3.9
Zubenelhakrabi,233.88158,-14.78954,3.91
Kitalpha,318.95595,5.24787,3.92
Asellus Australis,131.17125,18.15431,3.94
Arkab Prior,290.65955,-44.45896,3.96
Rukbat,290.97157,-40.61594,3.96
Beemim,66.00924,-34.01685,3.97
Menkib,59.74125,35.79103,3.98
Alcor,201.3064,54.98795,3.99
Mekbuda,106.02721,20.5703,4.01
Alchiba,182.1034,-24.72887,4.02
Sceptrum,69.5451,-14.30402,4.02
Wurren,17.09617,-55.24576,4.02
Aldulfin,308.30322,11.30326,4.03
Beid,62.96641,-6.83758,4.04
Syrma,214.00362,-6.00054,4.07
Alkes,164.9436,-18.29878,4.08
Gudja,237.1849,18.14156,4.09
Titawin,24.19934,41.40546,4.09
Meridiana,287.36809,-37.90447,4.11
Muliphein,105.93955,-15.63329,4.11
Zhang,147.86956,-14.8466,4.11
Merope,56.58155,23.94835,4.14
Alkaphrah,135.90636,47.15653,4.16
Ancha,334.20848,-7.78329,4.17
Kang,213.22394,-10.2737,4.18
Xuange,214.09591,46.08831,4.18
Chara,188.4356,41.35748,4.24
Alsciaukat,125.70879,43.18813,4.25
Acubens,134.62176,11.8577,4.26
Kurhah,330.94772,64.62797,4.26
Arkab Posterior,290.80474,-44.79978,4.27
Torcular,26.34847,9.15774,4.29
Taygeta,56.30206,24.46727,4.3
Alkalurops,231.12262,37.37717,4.31
Alterf,142.93012,22.96797,4.32
Botein,47.90736,19.72667,4.35
Yildun,263.05413,86.58646,4.35
Sham,295.02413,18.01389,4.39
Alula Australis,169.54542,31.52916,4.41
Maasym,262.68463,26.11065,4.41
Alkarab,351.34493,23.4041,4.42
Aladfar,288.43953,39.14597,4.43
Keid,63.818,-7.65287,4.43
Anser,292.17638,24.6649,4.44
Minchir,129.68932,3.34144,4.45
Fumalsamakah,345.96922,3.82004,4.48
Jabbah,242.99889,-19.46071,4.5
Khambalia,214.77747,-13.3711,4.52
Lilii Borea,41.97726,29.24712,4.52
Cujam,246.35398,14.03327,4.57
Dziban,265.48481,72.14885,4.57
Salm,350.15934,23.74034,4.58
Zaniah,184.97648,-0.66679,4.6
Alya,284.05495,4.2036,4.62
Castula,14.16627,59.18106,4.62
Asellus Borealis,130.82144,21.4685,4.66
Alsafi,293.08996,69.66118,4.67
Azelfafage,325.5236,51.18962,4.69
Terebellum,298.95984,-26.29953,4.7
Libertas,298.56201,8.46145,4.71
Mesarthim,28.38256,19.29385,4.75
Angetenar,42.75967,-21.00402,4.76
Alshat,305.1659,-12.75908,4.77
Bunda,324.43796,-7.8542,4.8
Zibal,48.95844,-8.81973,4.8
Fafnir,276.49641,65.56348,4.82
Elgafar,217.05058,-2.22796,4.84
Diadem,197.49703,17.52945,4.85
Ainalrami,283.5424,-22.74484,4.86
Adhil,20.58508,45.52878,4.87
Jishui,114.79139,34.58435,4.89
Felis,148.71753,-19.00934,4.94
Elkurud,91.8818,-37.25292,5.0
Marsic,242.01886,17.04698,5.0
Chalawan,164.86655,40.43026,5.03
Situla,339.43908,-4.22806,5.04
Pleione,57.29674,24.13671,5.05
Guniibuu,258.83787,-26.59889,5.07
Cervantes,266.03625,-51.83405,5.15
Revati,18.43286,7.57535,5.21
Veritate,352.82256,39.2362,5.22
Taiyi,193.86895,65.43847,5.23
Tegmine,123.05317,17.6478,5.24
Intercrus,142.16662,45.60148,5.41
La Superba,191.28261,45.44026,5.42
Tianyi,191.8931,66.79031,5.43
Celaeno,56.20089,24.28947,5.45
Polaris Australis,317.19516,-88.9565,5.45
Musica,314.60806,10.83929,5.48
Helvetios,344.36658,20.76883,5.49
Alrakis,256.33381,54.47008,5.55
Nahn,137.33972,22.04545,5.7
Alruba,265.99657,53.80172,5.75
Asterope,56.47699,24.55451,5.76
Merga,222.32779,46.11621,5.76
Tonatiuh,181.313,76.90574,5.8
Piautos,125.1339,24.02231,5.92
Copernicus,133.14921,28.33082,5.95
33 Psc,1.33375,-5.70750,4.61
86 Peg,1.42500,13.39611,5.51
10 Cas,1.61042,64.19611,5.59
87 Peg,2.26000,18.21194,5.53
ε Phe,2.35292,-45.74750,3.88
34 Psc,2.50958,11.14556,5.51
22 And,2.58042,46.07222,5.03
6 Cet,2.81625,-15.46806,4.89
θ Scl,2.93333,-35.13306,5.25
23 And,3.37833,41.03528,5.72
χ Peg,3.65083,20.20667,4.80
7 Cet,3.66000,-18.93278,4.44
35 Psc,3.74500,8.82083,5.79
36 Psc,4.14208,8.24000,6.11
θ And,4.27292,38.68167,4.61
σ And,4.58208,36.78528,4.52
26 And,4.67542,43.79111,6.11
ι Cet,4.85708,-8.82389,3.56
ζ Tuc,5.01792,-64.87472,4.23
41 Psc,5.14958,8.19028,5.37
ρ And,5.28042,37.96861,5.18
π Tuc,5.16250,-69.62500,5.51
ι Scl,5.38000,-28.98167,5.18
42 Psc,5.60625,13.48250,6.23
9 Cet,5.71583,-12.20944,6.39
12 Cas,6.19792,61.83111,5.40
44 Psc,6.35083,1.93972,5.77
β Hyi,6.43792,-77.25417,2.80
κ Phe,6.55083,-43.68000,3.94
10 Cet,6.65583,-0.04972,6.19
47 Psc,7.01208,17.89306,5.06
η Scl,6.98208,-33.00722,4.81
48 Psc,7.05292,16.44500,6.06
28 And,7.53042,29.75167,5.23
12 Cet,7.51000,-3.95722,5.72
13 Cas,7.85542,66.51944,6.18
λ Cas,7.94333,54.52222,4.73
κ Cas,8.25000,62.93167,4.16
52 Psc,8.14792,20.29444,5.38
51 Psc,8.09917,6.95556,5.67
16 Cas,8.60375,66.75028,6.48
θ Tuc,8.34708,-71.26611,6.13
13 Cet,8.81208,-3.59278,5.20
14 Cet,8.88667,-0.50556,5.93
π And,9.22042,33.71944,4.36
53 Psc,9.19708,15.23167,5.89
ε And,9.63875,29.31167,4.37
δ And,9.83208,30.86083,3.27
54 Psc,9.84083,21.25056,5.87
55 Psc,9.98167,21.43833,5.36
32 And,10.28000,39.45861,5.33
ξ Cas,10.51625,50.51250,4.80
μ Phe,10.33167,-46.08500,4.59
ξ Phe,10.44333,-56.50167,5.70
π Cas,10.86708,47.02472,4.94
ρ Tuc,10.61833,-65.46806,5.39
η Phe,10.83833,-57.46306,4.36
21 Cas,11.41250,74.98806,5.66
ο Cas,11.18125,48.28444,4.54
18 Cet,11.36958,-12.88083,6.15
23 Cas,11.94208,74.84750,5.41
57 Psc,11.63750,15.47556,5.38
58 Psc,11.75625,11.97389,5.50
59 Psc,11.80667,19.57889,6.13
ζ And,11.83458,24.26722,4.06
60 Psc,11.84833,6.74083,5.99
62 Psc,12.07250,7.30000,5.93
ν Cas,12.20875,50.96833,4.89
δ Psc,12.17083,7.58500,4.43
64 Psc,12.24458,16.94056,5.07
ν And,12.45333,41.07889,4.53
λ Hyi,12.14750,-74.92333,5.07
ρ Phe,12.67167,-50.98694,5.22
20 Cet,13.25208,-1.14417,4.77
66 Psc,13.64667,19.18833,5.74
21 Cet,13.57333,-8.74083,6.16
36 And,13.74167,23.62833,5.47
67 Psc,13.99375,27.20944,6.09
γ Cas,14.17708,60.71667,2.47
μ And,14.18833,38.49944,3.87
η And,14.30167,23.41750,4.42
68 Psc,14.45917,28.99222,5.42
α Scl,14.65167,-29.35750,4.31
ξ Scl,15.32625,-38.91667,5.59
39 And,15.72625,41.34500,5.98
σ Psc,15.70458,31.80444,5.50
σ Scl,15.61000,-31.55194,5.50
ε Psc,15.73583,7.89000,4.28
ω Phe,15.50750,-57.00250,6.11
25 Cet,15.76083,-4.83667,5.43
26 Cet,15.95417,1.36667,6.04
73 Psc,16.21917,5.65639,6.00
72 Psc,16.27250,14.94611,5.68
77 Psc,16.45500,4.90833,6.35
27 Cet,16.40333,-9.97917,6.12
28 Cet,16.52125,-9.83944,5.58
75 Psc,16.64000,12.95611,6.12
μ Cas,17.06833,54.92028,5.17
β Phe,16.52083,-46.71861,3.31
41 And,17.00375,43.94194,5.03
78 Psc,17.00542,32.01222,6.25
30 Cet,16.94250,-9.78556,5.82
80 Psc,17.09250,5.64972,5.52
υ Phe,16.94958,-41.48694,5.21
ι Tuc,16.82792,-61.77528,5.37
η Cet,17.14750,-10.18222,3.45
φ And,17.37583,47.24194,4.25
31 Cas,17.66375,68.77861,5.29
44 And,17.57833,42.08139,5.65
θ Cas,17.77583,55.14972,4.33
32 Cas,17.92250,65.01889,5.57
32 Cet,17.55000,-8.90611,6.40
33 Cet,17.64000,2.44556,5.95
45 And,17.79292,37.72417,5.81
82 Psc,17.77833,31.42472,5.16
χ Psc,17.86333,21.03472,4.66
τ Psc,17.91500,30.08972,4.51
34 Cet,17.93125,-2.25111,5.94
φ Psc,18.43708,24.58361,4.65
87 Psc,18.53167,16.13361,5.98
37 Cet,18.60000,-7.92306,5.13
88 Psc,18.67667,6.99528,6.03
38 Cet,18.70500,-0.97389,5.70
ν Phe,18.79625,-45.53139,4.96
39 Cet,19.15125,-2.50028,5.41
κ Tuc,18.94208,-68.87611,4.86
89 Psc,19.45000,3.61444,5.16
φ Cas,20.02042,58.23167,4.98
υ Psc,19.86667,27.26417,4.76
35 Cas,20.27167,64.65833,6.34
42 Cet,19.95125,-0.50889,5.87
91 Psc,20.28083,28.73806,5.23
43 Cet,20.64500,-0.44972,6.49
47 And,20.91917,37.71500,5.58
ψ Cas,21.48333,68.13000,4.74
44 Cet,21.01042,-8.00750,6.21
θ Cet,21.00583,-8.18333,3.60
46 Cet,21.40500,-14.59889,4.90
ρ Psc,21.56375,19.17222,5.38
94 Psc,21.67375,19.24028,5.50
ω And,21.91417,45.40667,4.83
47 Cet,21.71500,-13.05667,5.66
38 Cas,22.80750,70.26472,5.81
γ Phe,22.09125,-43.31833,3.41
49 And,22.52583,47.00722,5.27
97 Psc,22.47042,18.35556,6.02
48 Cet,22.40042,-21.62944,5.12
μ Psc,22.54625,6.14389,4.84
δ Phe,22.81292,-49.07278,3.95
χ Cas,23.48292,59.23194,4.71
49 Cet,23.65750,-15.67611,5.63
101 Psc,23.94333,14.66139,6.22
40 Cas,24.62875,73.04000,5.28
50 Cet,23.99583,-15.40028,5.42
τ Scl,24.03500,-29.90750,5.69
π Psc,24.27458,12.14167,5.57
χ And,24.83750,44.38611,4.98
105 Psc,24.92000,16.40583,5.97
τ And,25.14500,40.57694,4.94
43 Cas,25.58542,68.04306,5.59
42 Cas,25.73292,70.62250,5.18
ν Psc,25.35792,5.48750,4.44
44 Cas,25.83208,60.55111,5.78
107 Psc,25.62417,20.26861,5.24
φ Per,25.91500,50.68861,4.07
π Scl,25.53583,-32.32694,5.25
109 Psc,26.23250,20.08306,6.27
τ Cet,26.01708,-15.93750,3.50
ε Scl,26.41167,-25.05250,5.31
4 Ari,27.04542,16.95556,5.84
1 Ari,27.53542,22.27528,5.86
χ Cet,27.39625,-10.68639,4.67
1 Per,27.99708,55.14750,5.52
2 Per,28.03917,50.79278,5.79
55 And,28.32208,40.72972,5.40
ω Cas,29.00000,68.68528,4.99
ξ Psc,28.38875,3.18750,4.62
ψ Phe,28.41167,-46.30250,4.41
56 And,29.03875,37.25167,5.67
φ Phe,28.59167,-42.49694,5.11
7 Ari,28.96250,23.57722,5.74
ι Ari,29.33792,17.81750,5.10
56 Cet,29.16750,-22.52694,4.85
χ Eri,28.98958,-51.60889,3.70
3 Per,29.64000,49.20417,5.69
λ Ari,29.48208,23.59611,4.79
48 Cas,30.48917,70.90694,4.54
50 Cas,30.85875,72.42139,3.98
47 Cas,31.28083,77.28139,5.38
112 Psc,30.03833,3.09722,5.88
57 Cet,29.94208,-20.82444,5.41
υ Cet,30.00125,-21.07778,4.00
52 Cas,30.71958,64.90139,6.00
53 Cas,30.75125,64.39000,5.58
4 Per,30.57542,54.48750,5.04
α Hyi,29.69250,-61.56972,2.86
49 Cas,31.38000,76.11500,5.22
σ Hyi,28.96042,-78.34833,6.16
π For,30.31125,-30.00167,5.35
ε Tri,30.74167,33.28389,5.50
χ Phe,30.42667,-44.71361,5.14
10 Ari,30.91375,25.93556,5.63
60 Cet,30.79875,0.12833,5.43
61 Cet,30.95083,-0.34028,5.93
ν For,31.12250,-29.29694,4.69
κ Ari,31.64125,22.64833,5.03
11 Ari,31.70500,25.70472,6.15
58 And,32.12208,37.85917,4.82
β Tri,32.38583,34.98722,3.00
14 Ari,32.35542,25.93972,4.98
5 Per,32.87083,57.64583,6.36
59 And,32.72000,39.03944,5.63
15 Ari,32.65667,19.50028,5.70
16 Ari,32.80000,25.93694,6.02
5 Tri,32.85417,31.52639,6.23
64 Cet,32.83792,8.56972,5.63
63 Cet,32.89917,-1.82528,5.93
55 Cas,33.62125,66.52444,6.07
6 Tri,33.09292,30.30306,4.94
60 And,33.30542,44.23167,4.83
η Ari,33.20042,21.21083,5.27
19 Ari,33.26375,15.27972,5.71
ξ 1Cet,33.25000,8.84667,4.37
66 Cet,33.19792,-2.39361,5.54
μ For,33.22708,-30.72389,5.28
7 Tri,33.98417,33.35889,5.28
20 Ari,33.94167,25.78306,5.79
21 Ari,33.92833,25.04306,5.58
δ Tri,34.26333,34.22417,4.87
8 Per,34.49958,57.89972,5.75
7 Per,34.51875,57.51667,5.98
γ Tri,34.32875,33.84722,4.01
67 Cet,34.24583,-6.42222,5.51
π 1Hyi,33.56125,-67.84167,5.55
θ Ari,34.53125,19.90111,5.62
62 And,34.82000,47.38000,5.30
φ Eri,34.12750,-51.51222,3.56
10 Tri,34.73750,28.64250,5.03
π 2Hyi,33.86875,-67.74639,5.69
ο Cet,34.83625,-2.97750,3.04
63 And,35.24250,50.15139,5.59
9 Per,35.58917,55.84556,5.17
69 Cet,35.48583,0.39583,5.28
70 Cet,35.55167,-0.88500,5.42
64 And,36.10375,50.00667,5.19
κ For,35.63583,-23.81639,5.20
10 Per,36.31667,56.61000,6.25
65 And,36.40583,50.27861,4.71
ξ Ari,36.20417,10.61056,5.47
71 Cet,36.24333,-2.78000,6.33
δ Hyi,35.43708,-68.65944,4.09
ι Cas,37.26667,67.40250,4.52
ρ Cet,36.48750,-12.29056,4.89
66 And,36.96583,50.56972,6.12
11 Tri,36.86542,31.80139,5.54
λ Hor,36.22458,-60.31194,5.35
κ Hyi,35.71792,-73.64583,5.01
12 Tri,37.04167,29.66944,5.29
ξ 2Cet,37.03958,8.46000,4.28
13 Tri,37.20208,29.93194,5.89
κ Eri,36.74625,-47.70389,4.25
φ For,37.00708,-33.81111,5.14
26 Ari,37.66000,19.85528,6.15
27 Ari,37.72667,17.70389,6.23
14 Tri,38.02583,36.14722,5.15
75 Cet,38.03917,-1.03500,5.35
σ Cet,38.02167,-15.24472,4.75
29 Ari,38.22542,15.03472,6.04
ω For,38.46125,-28.23250,4.90
15 Tri,38.94500,34.68750,5.35
77 Cet,38.67792,-7.85944,5.75
ν Cet,38.96875,5.59333,4.86
80 Cet,39.00000,-7.83167,5.53
31 Ari,39.15792,12.44750,5.68
81 Cet,39.42417,-3.39611,5.65
ν Ari,39.70417,21.96139,5.43
μ Hyi,37.91875,-79.10944,5.28
η Hor,39.35167,-52.54306,5.31
δ Cet,39.87083,0.32861,4.07
ε Cet,39.89083,-11.87222,4.84
33 Ari,40.17125,27.06083,5.30
11 Per,40.76167,55.10583,5.77
12 Per,40.56208,40.19389,4.91
84 Cet,40.30792,-0.69583,5.71
μ Ari,40.59167,20.01167,5.69
ι Eri,40.16667,-39.85556,4.11
θ Per,41.05000,49.22833,4.12
14 Per,41.02167,44.29694,5.43
35 Ari,40.86292,27.70722,4.66
ζ Hor,40.16500,-54.55000,5.21
ε Hyi,39.89750,-68.26694,4.11
36 Ari,41.07958,17.76389,6.46
ο Ari,41.13708,15.31167,5.77
ι Hor,40.63958,-50.80028,5.41
π Cet,41.03083,-13.85861,4.25
38 Ari,41.24000,12.44583,5.18
μ Cet,41.23542,10.11417,4.27
40 Ari,42.13375,18.28361,5.82
γ Hor,41.36458,-63.70444,5.74
π Ari,42.32292,17.46417,5.22
ζ Hyi,41.38583,-67.61667,4.84
16 Per,42.64625,38.31861,4.23
β For,42.27250,-32.40583,4.46
17 Per,42.87833,35.05972,4.53
σ Ari,42.87333,15.08194,5.49
ν Hor,42.25625,-62.80667,5.26
τ Per,43.56458,52.76250,3.95
20 Per,43.42750,38.33750,5.33
ψ For,43.39333,-38.43694,5.92
ν Hyi,42.61875,-75.06694,4.75
21 Per,44.32208,31.93417,5.11
47 Ari,44.52167,20.66861,5.80
π Per,44.69042,39.66278,4.70
24 Per,44.76542,35.18306,4.93
4 Eri,44.34875,-23.86194,5.45
ε Ari,44.80292,21.34028,4.63
6 Eri,44.52375,-23.60611,5.84
λ Cet,44.92875,8.90750,4.70
5 Eri,44.92167,-2.46500,5.56
ζ For,44.90042,-25.27417,5.71
7 Eri,45.21250,-2.87861,6.11
49 Ari,45.47542,26.46222,5.90
β Hor,44.69917,-64.07139,4.99
93 Cet,45.59375,4.35278,5.61
ε For,45.40708,-28.09167,5.89
γ Per,46.19917,53.50639,2.93
ρ Per,46.29417,38.84028,3.39
μ Hor,45.90333,-59.73778,5.11
ι Per,47.26667,49.61333,4.05
53 Ari,46.85708,17.88000,6.11
θ Hyi,45.56417,-71.90250,5.53
54 Ari,47.08833,18.79500,6.27
55 Ari,47.40292,29.07694,5.72
ω Per,47.82250,39.61167,4.63
56 Ari,48.05917,27.25694,5.79
94 Cet,48.19333,-1.19611,5.06
ζ Ari,48.72542,21.04444,4.89
30 Per,49.44750,44.02500,5.47
29 Per,49.65750,50.22222,5.15
14 Eri,49.14875,-9.15444,6.14
31 Per,49.78167,50.09500,5.03
95 Cet,49.59333,-0.93028,5.38
15 Eri,49.59208,-22.51139,4.88
59 Ari,49.98250,27.07111,5.90
60 Ari,50.10667,25.66278,6.12
32 Per,50.36042,43.32944,4.95
62 Ari,50.54958,27.60750,5.52
64 Ari,51.07708,24.72417,5.50
ι Hyi,48.99000,-77.38833,5.52
65 Ari,51.10875,20.80361,6.08
ο Tau,51.20333,9.02889,3.60
ξ Tau,51.79250,9.73278,3.74
34 Per,52.34208,49.50889,4.67
66 Ari,52.11083,22.80417,6.03
σ Per,52.64375,47.99528,4.36
4 Tau,52.60208,11.33639,5.14
5 Tau,52.71833,12.93667,4.11
36 Per,53.10958,46.05694,5.31
17 Eri,52.65458,-5.07528,4.73
6 Tau,53.15000,9.37361,5.77
κ Ret,52.34458,-62.93750,4.72
7 Tau,53.61083,24.46444,5.92
ψ Per,54.12250,48.19278,4.23
20 Eri,54.07250,-17.46694,5.23
10 Tau,54.21833,0.40167,4.28
21 Eri,54.75458,-5.62611,5.96
τ For,54.69875,-27.94306,6.01
12 Tau,54.96292,3.05694,5.57
11 Tau,55.19292,25.32944,6.11
22 Eri,55.15958,-5.21056,5.53
δ Per,55.73125,47.78750,3.01
40 Per,55.59375,33.96500,4.97
13 Tau,55.57875,19.70028,5.69
14 Tau,55.94667,19.66500,6.14
δ For,55.56208,-31.93833,5.00
ν Per,56.29833,42.57861,3.77
18 Tau,56.29042,24.83917,5.64
24 Eri,56.12708,-1.16306,5.25
γ Cam,57.58958,71.33222,4.63
25 Eri,56.23542,-0.29667,5.55
22 Tau,56.51208,24.52806,6.43
29 Tau,56.41833,6.05000,5.35
π Eri,56.53542,-12.10167,4.42
σ For,56.61417,-29.33806,5.90
30 Tau,57.06792,11.14333,5.07
β Ret,56.05000,-64.80694,3.85
42 Per,57.38583,33.09139,5.11
ρ For,56.98333,-30.16778,5.54
31 Tau,58.00083,6.53472,5.67
30 Eri,58.17333,-5.36139,5.48
ζ Per,58.53292,31.88361,2.85
γ Hyi,56.80958,-74.23889,3.24
43 Per,59.15208,50.69528,5.28
32 Eri,58.57250,-2.95278,6.14
32 Tau,59.21708,22.47806,5.63
ε Per,59.46333,40.01028,2.89
33 Tau,59.26583,23.17556,6.06
λ Tau,60.17000,12.49028,3.47
35 Eri,60.38333,-1.54972,5.28
δ Ret,59.68625,-61.40028,4.56
ν Tau,60.78917,5.98917,3.91
36 Tau,61.09042,24.10583,5.47
40 Tau,60.93583,5.43556,5.33
37 Tau,61.17375,22.08194,4.36
λ Per,61.64583,50.35139,4.29
39 Tau,61.33417,22.00889,5.90
γ Ret,60.22417,-62.15944,4.51
ι Ret,60.32583,-61.07889,4.97
41 Tau,61.65167,27.60000,5.20
ψ Tau,61.75208,29.00139,5.23
48 Per,62.16542,47.71250,4.04
49 Per,62.06375,37.72778,6.09
50 Per,62.15250,38.03972,5.51
44 Tau,62.70792,26.48083,5.41
37 Eri,62.59375,-6.92389,5.44
45 Tau,62.83458,5.52306,5.72
δ Hor,62.71083,-41.99361,4.93
μ Per,63.72458,48.40944,4.14
52 Per,63.72208,40.48361,4.71
46 Tau,63.38792,7.71611,5.29
47 Tau,63.48500,9.26361,4.84
39 Eri,63.59875,-10.25639,4.87
48 Tau,63.94292,15.40056,6.32
μ Tau,63.88375,8.89222,4.29
α Hor,63.50042,-42.29444,3.86
51 Tau,64.59667,21.57917,5.65
α Ret,63.60625,-62.47389,3.35
γ Dor,64.00667,-51.48667,4.25
53 Tau,64.85875,21.14222,5.35
56 Tau,64.90292,21.77361,5.38
54 Per,65.10250,34.56667,4.93
φ Tau,65.08875,27.35083,4.95
53 Per,65.38833,46.49889,4.85
57 Tau,64.99042,14.03528,5.59
ε Ret,64.12042,-59.30194,4.44
58 Tau,65.15125,15.09528,5.26
60 Tau,65.51458,14.07722,5.72
χ Tau,65.64542,25.62917,5.37
θ Ret,64.41750,-63.25556,5.87
63 Tau,65.85417,16.77722,5.64
55 Per,66.12167,34.13056,5.73
62 Tau,65.99917,24.30111,6.36
56 Per,66.15583,33.95972,5.76
66 Tau,65.96625,9.46083,5.12
ξ Eri,65.92000,-3.74556,5.17
70 Tau,66.40542,15.94083,6.46
υ Tau,66.57708,22.81361,4.28
71 Tau,66.58667,15.61833,4.49
η Ret,65.47208,-63.38639,5.24
π Tau,66.65167,14.71361,4.69
72 Tau,66.82292,22.99639,5.53
75 Tau,67.11000,16.35972,4.97
76 Tau,67.09750,14.74083,5.90
79 Tau,67.20917,13.04750,5.03
1 Cam,68.00750,53.91083,5.77
80 Tau,67.53583,15.63806,5.58
δ Men,64.49625,-80.21389,5.69
81 Tau,67.66208,15.69194,5.48
83 Tau,67.65542,13.72444,5.40
85 Tau,67.96583,15.85167,6.02
57 Per,68.35375,43.06389,6.09
45 Eri,67.96958,-0.04389,4.91
δ Cae,67.70875,-44.95389,5.07
ρ Tau,68.46208,14.84444,4.65
46 Eri,68.47833,-6.73889,5.72
47 Eri,68.54833,-8.23139,5.11
58 Per,69.17250,41.26472,4.25
ν Men,65.24125,-81.58000,5.79
88 Tau,68.91375,10.16083,4.25
ν Eri,69.07958,-3.35250,3.93
α Dor,68.49917,-55.04500,3.27
2 Cam,69.99208,53.47306,5.35
3 Cam,69.97792,53.07972,5.05
89 Tau,69.53917,16.03333,5.79
90 Tau,69.53958,12.51083,4.27
51 Eri,69.40042,-2.47333,5.23
93 Tau,70.01417,12.19778,5.46
59 Per,70.72625,43.36500,5.29
54 Eri,70.11042,-19.67167,4.32
τ Tau,70.56125,22.95694,4.28
95 Tau,70.80750,24.08889,6.13
α Cae,70.14042,-41.86389,4.45
β Cae,70.51458,-37.14444,5.05
56 Eri,71.02208,-8.50361,5.90
4 Cam,72.00125,56.75722,5.30
λ Pic,70.69333,-50.48139,5.31
μ Eri,71.37542,-3.25472,4.02
κ Dor,71.08792,-59.73278,5.27
58 Eri,71.90125,-16.93444,5.51
96 Tau,72.43375,15.90417,6.08
59 Eri,72.13542,-16.32944,5.77
ζ Cae,71.95667,-30.02028,6.37
μ Men,70.76625,-70.93111,5.54
α Cam,73.51250,66.34278,4.29
π 2Ori,72.65292,8.90028,4.36
97 Tau,72.84375,18.83972,5.10
60 Eri,72.54833,-16.21722,5.03
2 Aur,73.15833,36.70306,4.78
π 4Ori,72.80167,5.60500,3.69
5 Cam,73.76292,55.25917,5.52
ω Eri,73.22375,-5.45278,4.39
5 Ori,73.34500,2.50806,5.33
ι Pic,72.73000,-53.46139,5.61
π 5Ori,73.56292,2.44056,3.72
7 Cam,74.32167,53.75222,4.47
6 Ori,73.69542,11.42611,5.19
π 1Ori,73.72417,10.15083,4.65
62 Eri,74.10083,-5.17139,5.51
99 Tau,74.45292,23.94861,5.79
8 Cam,74.94292,53.15556,6.08
98 Tau,74.53917,25.05028,5.81
ω Aur,74.81417,37.89028,4.94
5 Aur,75.07625,39.39472,5.95
π 6Ori,74.63708,1.71417,4.47
β Cam,75.85458,60.44222,4.03
63 Eri,74.96000,-10.26333,5.38
64 Eri,74.98250,-12.53750,4.79
ψ Eri,75.35958,-7.17389,4.81
ι Tau,75.77375,21.59000,4.64
11 Cam,76.53542,58.97250,5.08
12 Cam,76.55083,59.02111,6.08
η Men,73.79667,-74.93694,5.47
1 Lep,75.68708,-22.79500,5.75
9 Aur,76.66917,51.59778,5.00
11 Ori,76.14208,15.40417,4.68
ε Lep,76.36542,-22.37111,3.19
104 Tau,76.86250,18.64500,5.00
66 Eri,76.69042,-4.65500,5.12
106 Tau,76.95167,20.41833,5.30
103 Tau,77.02750,24.26528,5.50
105 Tau,76.98125,21.70472,5.89
13 Ori,76.90958,9.47194,6.17
14 Ori,76.97042,8.49833,5.34
16 Ori,77.33167,9.82944,5.43
68 Eri,77.18167,-4.45611,5.12
ζ Dor,76.37750,-57.47278,4.72
15 Ori,77.42500,15.59722,4.82
β Men,75.67917,-71.31444,5.31
λ Eri,77.28667,-8.75417,4.27
μ Aur,78.35708,38.48444,4.86
ι Lep,78.07458,-11.86917,4.45
ρ Ori,78.32292,2.86111,4.46
μ Lep,78.23292,-16.20556,3.31
κ Lep,78.30792,-12.94139,4.36
14 Aur,78.85167,32.68778,5.02
108 Tau,78.86542,22.28472,6.27
ξ Men,74.71208,-82.47056,5.85
18 Ori,79.01708,11.34139,5.56
15 Cam,79.86583,58.11722,6.13
16 Aur,79.54458,33.37167,4.54
17 Aur,79.57875,33.76722,6.14
λ Aur,79.78542,40.09917,4.71
18 Aur,79.84833,33.98556,6.49
τ Ori,79.40167,-6.84444,3.60
109 Tau,79.81917,22.09639,4.94
19 Aur,80.00375,33.95806,5.03
ο Col,79.37125,-34.89528,4.83
θ Dor,78.43917,-67.18528,4.83
21 Ori,79.79667,2.59583,5.34
ρ Aur,80.45167,41.80444,5.23
16 Cam,80.86583,57.54444,5.28
λ Lep,79.89375,-13.17667,4.29
ν Lep,79.99625,-12.31556,5.30
22 Ori,80.44042,-0.38250,4.73
ζ Pic,79.84208,-50.60611,5.45
22 Aur,80.84542,28.93667,6.46
23 Ori,80.70833,3.54444,5.00
σ Aur,81.16333,37.38556,4.99
110 Tau,80.90708,16.69944,6.08
111 Tau,81.10583,17.38333,4.99
8 Lep,80.87583,-13.92722,5.25
29 Ori,80.98667,-7.80806,4.14
27 Ori,81.12042,-0.89139,5.08
η Ori,81.11917,-2.39694,3.36
113 Tau,81.52375,16.70028,6.25
κ Pic,80.59208,-56.13444,6.11
17 Cam,82.54250,63.06722,5.42
φ Aur,81.91208,34.47583,5.07
115 Tau,81.79208,17.96222,5.42
114 Tau,81.90875,21.93694,4.88
116 Tau,81.94000,15.87417,5.50
117 Tau,82.00667,17.23889,5.77
θ Pic,81.19250,-52.31639,6.27
118 Tau,82.31875,25.15056,5.47
18 Cam,83.14083,57.22111,6.48
31 Ori,82.43333,-1.09222,4.71
λ Dor,81.58042,-58.91250,5.14
32 Ori,82.69625,5.94806,4.20
33 Ori,82.81042,3.29222,5.46
χ Aur,83.18208,32.19194,4.76
119 Tau,83.05333,18.59444,4.38
10 Lep,82.78167,-20.86361,5.55
υ Ori,82.98250,-7.30139,4.62
19 Cam,84.31292,64.15472,6.15
120 Tau,83.38167,18.54028,5.69
ε Col,82.80292,-35.47056,3.87
35 Ori,83.47625,14.30556,5.64
38 Ori,83.56958,3.76694,5.36
121 Tau,83.86292,24.03944,5.38
42 Ori,83.84667,-4.83833,4.59
45 Ori,83.91458,-4.85583,5.26
122 Tau,84.26583,17.04028,5.54
26 Aur,84.65875,30.49250,5.40
β Dor,83.40625,-62.48972,3.76
ν 1Col,84.31875,-27.87139,6.16
125 Tau,84.93417,25.89694,5.18
σ Ori,84.68667,-2.60000,3.81
ω Ori,84.79625,4.12139,4.57
ν 2Col,84.43583,-28.68944,5.31
49 Ori,84.72125,-7.21306,4.80
24 Cam,85.75667,56.58167,6.05
23 Cam,86.03583,61.47667,6.15
126 Tau,85.32375,16.53389,4.86
γ Men,82.97042,-76.34111,5.19
51 Ori,85.61917,1.47472,4.91
12 Lep,85.55792,-22.37361,5.87
26 Cam,86.62667,56.11556,5.94
ο Aur,86.47500,49.82639,5.47
γ Lep,86.11583,-22.44833,3.60
129 Tau,86.68958,15.82250,6.00
131 Tau,86.80500,14.48833,5.72
130 Tau,86.85917,17.72917,5.49
ι Men,83.90125,-78.82083,6.05
133 Tau,86.92875,13.89972,5.29
τ Aur,87.29375,39.18111,4.52
μ Col,86.49958,-32.30639,5.17
ζ Lep,86.73875,-14.82194,3.55
52 Ori,87.00083,6.45417,5.27
132 Tau,87.25417,24.56750,4.86
30 Cam,88.07250,58.96417,6.14
134 Tau,87.38708,12.65111,4.91
υ Aur,87.76000,37.30556,4.74
ν Aur,87.87250,39.14861,3.97
δ Dor,86.19333,-65.73556,4.35
135 Tau,87.62042,14.30556,5.52
β Pic,86.82125,-51.06639,3.85
π Men,84.29083,-80.46917,5.65
31 Cam,88.74083,59.88833,5.20
ξ Aur,88.71167,55.70694,4.99
55 Ori,87.84167,-7.51806,5.35
137 Tau,88.09292,14.17167,5.59
136 Tau,88.33167,27.61222,4.58
δ Lep,87.83042,-20.87917,3.81
56 Ori,88.11000,1.85500,4.78
γ Pic,87.45708,-56.16667,4.51
57 Ori,88.73625,19.74972,5.92
λ Col,88.27875,-33.80139,4.87
ε Dor,87.47333,-66.90111,5.11
δ Aur,89.88167,54.28472,3.72
139 Tau,89.49875,25.95389,4.82
η Lep,89.10125,-14.16778,3.71
ξ Col,88.87458,-37.12083,4.97
π Aur,89.98375,45.93694,4.26
σ Col,89.08708,-31.38250,5.50
59 Ori,89.60167,1.83694,5.90
36 Aur,90.24417,47.90194,5.73
60 Ori,89.70667,0.55306,5.22
γ Col,89.38417,-35.28333,4.36
1 Mon,89.75417,-9.38222,6.12
2 Mon,89.76792,-9.55833,5.03
38 Aur,90.82500,42.91167,6.10
η Col,89.78667,-42.81528,3.96
μ Ori,90.59583,9.64750,4.12
κ Men,87.56958,-79.36139,5.47
3 Mon,90.46000,-10.59806,4.95
64 Ori,90.86375,19.69056,5.14
39 Aur,91.26417,42.98167,5.87
1 Gem,91.03000,23.26333,4.16
40 Aur,91.64625,38.48278,5.36
63 Ori,91.24250,5.42000,5.67
66 Ori,91.24333,4.15861,5.63
17 Lep,91.24625,-16.48444,4.93
37 Cam,92.49625,58.93583,5.36
θ Lep,91.53875,-14.93528,4.67
ν Ori,91.89292,14.76833,4.42
36 Cam,93.21292,65.71833,5.32
19 Lep,91.92333,-19.16583,5.31
π 1Col,91.67083,-42.29861,6.12
3 Gem,92.43333,23.11333,5.75
41 Aur,92.90250,48.71111,6.09
π 2Col,91.97042,-42.15389,5.50
5 Gem,92.88458,24.42028,5.80
68 Ori,93.00542,19.79056,5.75
6 Gem,93.07958,22.90833,6.39
69 Ori,93.01375,16.13056,4.95
ξ Ori,92.98500,14.20889,4.48
40 Cam,93.91917,59.99917,5.35
δ Pic,92.57458,-54.96861,4.81
1 Lyn,94.47833,61.51528,4.98
κ Aur,93.84458,29.49806,4.35
71 Ori,93.71208,19.15639,5.20
ν Dor,92.18417,-68.84333,5.06
72 Ori,93.85458,16.14306,5.30
γ Mon,93.71375,-6.27472,3.98
73 Ori,93.93750,12.55111,5.33
8 Gem,94.07917,23.97000,6.08
2 Lyn,94.90583,59.01083,4.48
43 Aur,94.57042,46.36056,6.38
9 Gem,94.24458,23.74083,6.25
74 Ori,94.11083,12.27222,5.04
75 Ori,94.27750,9.94250,5.39
κ Col,94.13792,-35.14056,4.37
4 Lyn,95.51500,59.37222,5.94
α Men,92.56000,-74.75306,5.09
45 Aur,95.44208,53.45222,5.36
7 Mon,94.92833,-7.82306,5.27
5 Lyn,96.70375,58.41722,5.21
δ Col,95.52833,-33.43639,3.85
ε Mon,95.94208,4.59278,4.44
ν Pic,95.73250,-56.37000,5.61
16 Gem,96.98583,20.49611,6.22
6 Lyn,97.69667,58.16278,5.88
48 Aur,97.14208,30.49306,5.55
47 Aur,97.51250,46.68556,5.90
ν Gem,97.24083,20.21222,4.15
10 Mon,96.99000,-4.76222,5.06
π 1Dor,95.65917,-69.98417,5.56
β Mon,97.20417,-7.03278,4.60
λ CMa,97.04208,-32.58000,4.48
19 Gem,97.90583,15.90333,6.40
7 Lyn,98.63667,55.35306,6.45
π 2Dor,96.36917,-69.69028,5.38
12 Mon,98.08000,4.85583,5.84
13 Mon,98.22583,7.33306,4.50
ξ 1CMa,97.96375,-23.41833,4.33
8 Lyn,99.42250,61.48111,5.94
49 Aur,98.80042,28.02222,5.27
11 Lyn,99.41042,56.85750,5.85
14 Mon,98.69333,7.57250,6.45
μ Pic,97.99333,-58.75417,5.70
ξ 2CMa,98.76417,-22.96472,4.54
51 Aur,99.66458,39.39083,5.69
ν 1CMa,99.09500,-18.66000,5.70
53 Aur,99.59583,28.98417,5.79
ν 2CMa,99.17083,-19.25583,3.95
54 Aur,99.88792,28.26306,6.03
ν 3CMa,99.47250,-18.23750,4.43
ν Pup,99.44042,-43.19611,3.17
25 Gem,100.33750,28.19639,6.42
15 Mon,100.24458,9.89556,4.66
26 Gem,100.60125,17.64528,5.21
12 Lyn,101.55875,59.44167,4.87
13 Lyn,101.70625,57.16917,5.35
30 Gem,100.99708,13.22778,4.49
28 Gem,101.18958,28.97083,5.44
32 Gem,101.47583,12.69361,6.46
42 Cam,102.73792,67.57194,5.14
10 CMa,101.11833,-31.07056,5.20
16 Mon,101.63500,8.58722,5.93
17 Mon,101.83250,8.03722,4.77
11 CMa,101.71292,-14.42583,5.29
18 Mon,101.96500,2.41222,4.47
12 CMa,101.75625,-21.01556,6.08
43 Cam,103.42583,68.88833,5.12
33 Gem,102.45750,16.20278,5.85
14 Lyn,103.27125,59.44861,5.33
35 Gem,102.60625,13.41333,5.65
36 Gem,102.88750,21.76111,5.27
κ CMa,102.46042,-32.50861,3.96
59 Aur,103.25625,38.86917,6.12
θ Gem,103.19708,33.96111,3.60
60 Aur,103.30583,38.43806,6.30
α Pic,102.04750,-61.94139,3.27
τ Pup,102.48417,-50.61472,2.93
ζ Men,100.01125,-80.81361,5.64
15 Lyn,104.31875,58.42250,4.35
38 Gem,103.66125,13.17778,4.65
37 Gem,103.82750,25.37556,5.73
15 CMa,103.38708,-20.22417,4.83
θ CMa,103.54750,-12.03861,4.07
16 Lyn,104.40458,45.09417,4.90
17 CMa,103.76125,-20.40472,5.74
π CMa,103.90583,-20.13639,4.68
μ CMa,104.02750,-14.04361,5.00
ι CMa,104.03417,-17.05417,4.37
62 Aur,104.76167,38.05222,6.00
39 Gem,104.69750,26.08111,6.10
ι Vol,102.86250,-70.96333,5.40
40 Gem,104.86625,25.91417,6.40
41 Gem,105.06583,16.07889,5.68
ω Gem,105.60333,24.21528,5.18
19 Mon,105.72833,-4.23917,4.99
44 Gem,106.32667,22.63722,6.02
45 Gem,107.09167,15.93083,5.44
θ Men,104.14333,-79.42028,5.45
63 Aur,107.91375,39.32056,4.90
τ Gem,107.78500,30.24528,4.41
47 Gem,107.84625,26.85667,5.78
20 Mon,107.55708,-4.23722,4.92
48 Gem,108.11000,24.12833,5.85
21 Mon,107.84833,-0.30194,5.45
δ Mon,107.96625,-0.49278,4.15
18 Lyn,108.97875,59.63750,5.20
51 Gem,108.34292,16.15889,5.00
26 CMa,108.05083,-25.94250,5.92
52 Gem,108.67458,24.88500,5.82
53 Gem,108.98792,27.89750,5.71
24 Mon,108.83042,-0.16139,6.41
27 CMa,108.56333,-26.35250,4.66
ω CMa,108.70292,-26.77278,3.85
64 Aur,109.50917,40.88333,5.78
λ Gem,109.52333,16.54028,3.58
47 Cam,110.57167,59.90194,6.35
π Pup,109.28583,-37.09750,2.70
29 CMa,109.66792,-24.55889,4.98
τ CMa,109.67667,-24.95417,4.40
19 Lyn,110.71708,55.28139,5.45
65 Aur,110.51083,36.76056,5.13
56 Gem,110.48667,20.44361,5.10
δ Vol,109.20750,-67.95722,3.98
66 Aur,111.03542,40.67222,5.19
57 Gem,110.86875,25.05056,5.03
58 Gem,110.86750,22.94528,6.02
59 Gem,111.13917,27.63806,5.76
21 Lyn,111.67833,49.21139,4.64
1 CMi,111.24250,11.66972,5.30
ι Gem,111.43167,27.79806,3.79
ε CMi,111.41208,9.27611,4.99
61 Gem,111.73458,20.25722,5.93
63 Gem,111.93500,21.44500,5.22
22 Lyn,112.48333,49.67250,5.36
η CMi,112.00875,6.94194,5.25
ρ Gem,112.27792,31.78444,4.18
γ CMi,112.04083,8.92556,4.32
64 Gem,112.33500,28.11806,5.05
65 Gem,112.45292,27.91611,5.01
6 CMi,112.44917,12.00667,4.54
σ Pup,112.30750,-43.30139,3.25
68 Gem,113.40208,15.82667,5.25
υ Gem,113.98042,26.89583,4.06
ε Men,111.40833,-79.09417,5.53
70 Gem,114.63667,35.04861,5.56
25 Mon,114.31958,-4.11111,5.13
23 Lyn,115.20625,57.08278,6.06
74 Gem,114.86917,17.67472,5.05
24 Lyn,115.75167,58.71028,4.99
α Mon,115.31167,-9.55111,3.93
σ Gem,115.82792,28.88361,4.28
51 Cam,116.66708,65.45583,5.92
49 Cam,116.61417,62.83056,6.49
76 Gem,116.02875,25.78417,5.31
κ Gem,116.11167,24.39806,3.57
79 Gem,116.28875,20.31639,6.33
1 Pup,115.88500,-28.41111,4.59
3 Pup,115.95208,-28.95472,3.96
81 Gem,116.53083,18.51000,4.88
11 CMi,116.56750,10.76833,5.30
2 Pup,116.37125,-14.69083,6.07
π Gem,116.87625,33.41556,5.14
4 Pup,116.48708,-14.56389,5.04
82 Gem,117.14000,23.14111,6.18
ζ Vol,115.45500,-72.60611,3.95
5 Pup,116.98625,-12.19306,5.48
ο Pup,117.02167,-25.93722,4.50
6 Pup,117.42167,-17.22833,5.18
ζ CMi,117.92500,1.76694,5.14
8 Pup,117.92042,-12.81944,6.36
9 Pup,117.94292,-13.89806,5.17
25 Lyn,118.62208,47.38611,6.25
26 Lyn,118.67792,47.56472,5.45
φ Gem,118.37417,26.76583,4.97
10 Pup,118.07875,-14.84639,5.69
85 Gem,118.91625,19.88389,5.35
1 Cnc,119.24750,15.79028,5.78
11 Pup,119.21458,-22.88000,4.20
53 Cam,120.42667,60.32444,6.01
14 CMi,119.58583,2.22472,5.29
χ Car,119.19458,-52.98222,3.47
27 Mon,119.93375,-3.67972,4.93
12 Pup,119.77375,-23.31056,5.11
3 Cnc,120.19708,17.30861,5.55
5 Cnc,120.37625,16.45528,5.99
28 Mon,120.30542,-1.39250,4.68
χ Gem,120.87958,27.79417,4.94
8 Cnc,121.26875,13.11806,5.12
28 Lyn,121.79125,43.26028,6.26
14 Pup,121.17292,-19.72806,6.13
μ 1Cnc,121.57667,22.63556,5.99
27 Lyn,122.11417,51.50667,4.84
μ 2Cnc,121.94083,21.58167,5.30
12 Cnc,122.17667,13.64083,6.27
ζ Mon,122.14833,-2.98389,4.34
ψ Cnc,122.61333,25.50722,5.73
16 Pup,122.25667,-19.24500,4.40
18 Pup,122.66583,-13.79917,5.54
19 Pup,122.81792,-12.92694,4.72
15 Cnc,123.28708,29.65667,5.64
ε Vol,121.98250,-68.61722,4.35
20 Pup,123.33333,-15.78833,4.99
29 Lyn,124.46000,59.57111,5.64
30 Lyn,125.10875,57.74333,5.89
21 Pup,124.34625,-16.28500,6.16
χ Cnc,125.01625,27.21778,5.14
20 Cnc,125.84083,18.33222,5.95
22 Pup,125.69500,-13.05472,6.11
21 Cnc,125.98000,10.63194,6.08
1 Hya,126.14583,-3.75111,5.61
25 Cnc,126.45792,17.04611,6.14
α Cha,124.63167,-76.91972,4.07
27 Cnc,126.68292,12.65444,5.50
2 Hya,126.61333,-3.98750,5.59
28 Cnc,127.15333,24.14472,6.10
29 Cnc,127.15542,14.21083,5.95
η Vol,125.51833,-73.40000,5.29
θ Cha,125.16042,-77.48444,4.35
β Vol,126.43417,-66.13694,3.77
2 UMa,128.65083,65.14500,5.47
θ Cnc,127.89875,18.09444,5.35
32 Lyn,128.34083,36.43639,6.24
η Cnc,128.17708,20.44111,5.33
34 Cnc,128.16625,10.06611,6.46
33 Lyn,128.68250,36.41944,5.78
π 1UMa,129.79875,65.02083,5.64
3 Hya,128.86750,-7.98222,5.72
π 2UMa,130.05333,64.32778,4.60
36 Cnc,129.27417,9.65556,5.88
δ Hya,129.41417,5.70361,4.16
η Pyx,129.46750,-26.25500,5.27
34 Lyn,130.25458,45.83389,5.37
39 Cnc,130.02667,20.00778,6.39
ε Cnc,130.11250,19.54500,6.30
6 Hya,130.00625,-12.47528,4.98
ζ Pyx,129.92708,-29.56111,4.89
β Pyx,130.02583,-35.30833,3.97
9 Hya,130.43042,-15.94333,4.88
45 Cnc,130.80125,12.68083,5.64
η Hya,130.80625,3.39861,4.30
θ Vol,129.77167,-70.38694,5.20
46 Cnc,131.33917,30.69778,6.13
49 Cnc,131.18750,10.08167,5.66
α Pyx,130.89792,-33.18639,3.68
10 Hya,131.25542,5.68056,6.13
ι Cnc,131.67417,28.76000,4.02
50 Cnc,131.73333,12.11000,5.87
12 Hya,131.59375,-13.54778,4.32
ρ Hya,132.10833,5.83778,4.36
14 Hya,132.34042,-3.44306,5.31
η Cha,130.33125,-78.96333,5.47
5 UMa,133.34417,61.96222,5.73
35 Lyn,132.98667,43.72667,5.15
54 Cnc,132.75625,15.35056,6.38
γ Pyx,132.63292,-27.71000,4.01
53 Cnc,133.11917,28.25917,6.23
15 Hya,132.89375,-7.17722,5.54
6 UMa,134.15625,64.60389,5.58
57 Cnc,133.56125,30.57944,5.39
ζ Hya,133.84833,5.94556,3.11
60 Cnc,133.98167,11.62611,5.41
δ Pyx,133.88125,-27.68194,4.89
61 Cnc,134.49458,30.23361,6.29
ρ UMa,135.63625,67.62972,4.76
66 Cnc,135.35042,32.25250,5.82
67 Cnc,135.45375,27.90278,6.07
ν Cnc,135.68458,24.45278,5.45
70 Cnc,136.04125,27.89833,6.38
ω Hya,136.49333,5.09222,4.97
α Vol,135.61167,-66.39611,4.00
15 UMa,137.21792,51.60472,4.48
τ Cnc,137.00042,29.65417,5.43
κ Cnc,136.93667,10.66806,5.24
τ UMa,137.72958,63.51361,4.67
75 Cnc,137.19708,26.62917,5.98
κ Pyx,137.01208,-25.85833,4.58
19 Hya,137.17583,-8.58944,5.60
79 Cnc,137.58708,21.99639,6.01
20 Hya,137.39792,-8.78778,5.46
ε Pyx,137.48500,-30.36528,5.59
16 UMa,138.58583,61.42333,5.13
36 Lyn,138.45083,43.21778,5.32
21 Hya,138.10833,-7.10972,6.11
17 UMa,138.95792,56.74139,5.27
18 UMa,139.04708,54.02194,4.83
θ Hya,138.59125,2.31417,3.88
π 2Cnc,138.80750,14.94139,5.34
ζ Oct,134.17125,-85.66306,5.42
23 Hya,139.17375,-6.35306,5.24
24 Hya,139.17208,-8.74472,5.47
38 Lyn,139.71125,36.80250,3.82
α Lyn,140.26375,34.39250,3.13
26 Hya,139.94333,-11.97500,4.79
27 Hya,140.12083,-9.55583,4.80
θ Pyx,140.37333,-25.96556,4.72
κ Leo,141.16375,26.18222,4.46
λ Pyx,140.80125,-28.83389,4.69
28 Hya,141.35000,-5.11750,5.59
ω Leo,142.11458,9.05667,5.41
3 Leo,142.12167,8.18833,5.71
23 UMa,142.88208,63.06194,3.67
7 LMi,142.68000,33.65556,5.85
ε Ant,142.31125,-35.95139,4.51
22 UMa,143.72333,72.20556,5.72
8 LMi,142.88500,35.10306,5.37
24 UMa,143.62042,69.83028,4.56
θ UMa,143.21417,51.67722,3.17
6 Leo,142.99000,9.71583,5.07
ξ Leo,142.98625,11.29972,4.97
ψ Vel,142.67500,-40.46667,3.60
9 LMi,143.37625,36.48694,6.18
ι Cha,141.03792,-80.78694,5.36
26 UMa,143.70625,52.05139,4.50
10 LMi,143.55583,36.39750,4.55
33 Hya,143.63625,-5.91500,5.56
11 LMi,143.91500,35.81028,5.41
7 Leo,143.97042,14.37972,6.36
8 Leo,144.26083,16.43778,5.69
10 Leo,144.30292,6.83583,5.00
42 Lyn,144.59042,40.23972,5.25
34 Hya,144.46458,-9.42444,6.40
27 UMa,145.73833,72.25250,5.17
37 Hya,144.94750,-10.57028,6.31
κ Hya,145.07667,-14.33222,5.06
43 Lyn,145.50125,39.75778,5.62
13 Leo,145.41042,25.91278,6.24
13 LMi,145.67792,35.09333,6.14
ζ Cha,143.47167,-80.94139,5.11
15 Leo,145.88875,29.97444,5.64
28 UMa,146.48083,63.65333,6.34
ψ Leo,145.93292,14.02167,5.35
θ Ant,146.05042,-27.76944,4.79
ε Leo,146.46292,23.77417,2.98
18 Leo,146.59708,11.81000,5.63
19 Leo,146.85792,11.56833,6.45
υ UMa,147.74750,59.03861,3.80
20 Leo,147.45875,21.17944,6.09
υ Car,146.77542,-65.07194,3.01
4 Sex,147.62542,4.34361,6.24
φ UMa,148.02667,54.06444,4.59
23 Leo,147.75833,13.06611,6.46
6 Sex,147.80833,-4.24333,6.01
22 Leo,147.97083,24.39528,5.32
ν Cha,146.58583,-76.77611,5.45
7 Sex,148.05083,2.45417,6.02
γ Sex,148.12667,-8.10500,5.05
31 UMa,148.92917,49.82000,5.27
19 LMi,149.42125,41.05556,5.14
ν Leo,149.55583,12.44472,5.26
φ Vel,149.21583,-54.56778,3.54
η Ant,149.71792,-35.89111,5.23
π Leo,150.05333,8.04417,4.70
20 LMi,150.25292,31.92361,5.36
13 Sex,151.03500,3.20111,6.45
14 Sex,151.69750,5.61139,6.21
21 LMi,151.85750,35.24472,4.48
η Leo,151.83333,16.76278,3.52
31 Leo,151.97625,9.99750,4.37
α Sex,151.98458,-0.37167,4.49
μ 1Cha,150.18208,-82.21472,5.52
17 Sex,152.53125,-8.40833,5.91
λ Hya,152.64708,-12.35417,3.61
18 Sex,152.73250,-8.41833,5.65
34 Leo,152.90917,13.35500,6.44
19 Sex,153.20125,4.61472,5.77
22 LMi,153.77625,31.46806,6.46
23 LMi,154.06000,29.31056,5.35
32 UMa,154.50833,65.10833,5.82
24 LMi,154.11708,28.68250,6.49
35 Leo,154.13458,23.50306,5.97
37 Leo,154.16958,13.72833,5.41
ω Car,153.43417,-70.03806,3.32
39 Leo,154.31083,23.10611,5.82
ε Sex,154.40750,-8.06889,5.24
40 Leo,154.93375,19.47083,4.79
42 Leo,155.45958,14.97556,6.12
27 LMi,155.77625,33.90806,5.90
43 Leo,155.75167,6.54250,6.07
28 LMi,156.03583,33.71861,5.50
25 Sex,155.86042,-4.07417,5.97
44 Leo,156.31333,8.78472,5.61
30 LMi,156.47875,33.79611,4.74
μ Hya,156.52250,-16.83639,3.81
β LMi,156.97083,36.70722,4.21
45 Leo,156.91250,9.76250,6.04
α Ant,156.78792,-31.06778,4.25
35 UMa,157.47625,65.62611,6.32
36 UMa,157.65667,55.98056,4.84
32 LMi,157.52667,38.92528,5.77
δ Sex,157.36958,-2.73917,5.21
δ Ant,157.39750,-30.60722,5.56
β Sex,157.57292,-0.63694,5.09
33 LMi,157.96417,32.37944,5.90
46 Leo,158.04917,14.13722,5.46
ρ Leo,158.20292,9.30667,3.85
34 LMi,158.37875,34.98861,5.58
37 UMa,158.79042,57.08278,5.16
44 Hya,158.50375,-23.74528,5.08
48 Leo,158.70000,6.95361,5.08
49 Leo,158.75917,8.65028,5.67
35 LMi,159.08917,36.32694,6.28
37 LMi,159.68000,31.97611,4.71
38 LMi,159.78167,37.91000,5.85
γ Cha,158.86708,-78.60778,4.11
38 UMa,160.48583,65.71639,5.12
33 Sex,160.35083,-1.74167,6.26
39 UMa,160.93042,57.19917,5.80
40 LMi,160.75750,26.32556,5.51
41 LMi,160.85417,23.18833,5.08
35 Sex,160.83708,4.74778,5.79
θ Car,160.73917,-64.39444,2.76
36 Sex,161.28917,2.48806,6.28
41 UMa,161.59375,57.36583,6.34
42 LMi,161.46625,30.68222,5.24
51 Leo,161.60208,18.89139,5.49
52 Leo,161.60542,14.19472,5.48
η Car,161.26500,-59.68417,6.21
μ Vel,161.69250,-49.42000,2.69
43 LMi,162.23833,29.41583,6.15
53 Leo,162.31417,10.54528,5.34
44 LMi,162.47375,27.97389,6.04
ν Hya,162.40625,-16.19361,3.11
43 UMa,162.79625,56.58222,5.67
42 UMa,162.84875,59.32000,5.58
41 Sex,162.57542,-8.89778,5.79
44 UMa,163.39375,54.58500,5.10
ω UMa,163.49458,43.19000,4.71
48 LMi,163.67583,25.49083,6.20
46 UMa,163.93500,33.50694,5.03
54 Leo,163.90333,24.74972,4.50
55 Leo,163.92667,0.73694,5.91
56 Leo,164.00625,6.18528,5.81
50 LMi,164.14333,25.50000,6.35
ι Ant,164.17958,-37.13778,4.60
49 UMa,165.21000,39.21222,5.08
58 Leo,165.14000,3.61750,4.84
59 Leo,165.18667,6.10139,4.99
61 Leo,165.45708,-2.48472,4.74
60 Leo,165.58250,20.17972,4.42
62 Leo,165.90250,-0.00083,5.95
51 UMa,166.13000,38.24139,6.00
χ Leo,166.25417,7.33611,4.63
η Oct,164.80750,-84.59389,6.19
65 Leo,166.72583,1.95556,5.52
64 Leo,166.91542,23.32361,6.46
67 Leo,167.20458,24.65833,5.68
ψ UMa,167.41583,44.49861,3.01
β Crt,167.91458,-22.82583,4.48
ψ Crt,168.12667,-18.50000,6.13
69 Leo,168.44000,-0.06972,5.42
72 Leo,168.80083,23.09556,4.63
73 Leo,168.96625,13.30750,5.32
φ Leo,169.16542,-3.65167,4.47
75 Leo,169.32250,2.01056,5.18
55 UMa,169.78292,38.18556,4.78
76 Leo,169.72917,1.65056,5.91
δ Crt,169.83542,-14.77861,3.56
σ Leo,170.28417,6.02944,4.05
π Cen,170.25167,-54.49111,3.89
56 UMa,170.70667,43.48278,4.99
λ Crt,170.84125,-18.78000,5.09
ι Leo,170.98125,10.52917,3.94
79 Leo,171.00958,1.40778,5.39
ε Crt,171.15250,-10.85944,4.83
γ Crt,171.22042,-17.68389,4.08
81 Leo,171.40167,16.45639,5.57
80 Leo,171.45833,3.86000,6.37
κ Crt,171.78958,-12.35667,5.94
τ Leo,171.98417,2.85611,4.95
57 UMa,172.26750,39.33694,5.31
85 Leo,172.42458,15.41333,5.74
58 UMa,172.62958,43.17333,5.94
87 Leo,172.57875,-3.00361,4.77
86 Leo,172.62083,18.40972,5.52
88 Leo,172.93708,14.36444,6.20
ξ Hya,173.25042,-31.85778,3.54
89 Leo,173.59167,3.06000,5.77
90 Leo,173.67708,16.79694,5.95
2 Dra,174.01167,69.32278,5.20
λ Cen,173.94500,-63.01972,3.13
θ Crt,174.17042,-9.80222,4.70
υ Leo,174.23708,-0.82389,4.30
59 UMa,174.58583,43.62556,5.59
π Cha,174.31500,-75.89667,5.65
60 UMa,174.63958,46.83417,6.10
ω Vir,174.61500,8.13417,5.36
ι Crt,174.66708,-13.20194,5.48
ο Hya,175.05333,-34.74472,4.70
92 Leo,175.19625,21.35278,5.26
61 UMa,175.26250,34.20167,5.33
62 UMa,175.39292,31.74611,5.73
3 Dra,175.61833,66.74500,5.30
ζ Crt,176.19083,-18.35083,4.73
ξ Vir,176.32125,8.25833,4.85
ν Vir,176.46500,6.52944,4.03
λ Mus,176.40167,-66.72861,3.64
93 Leo,176.99625,20.21889,4.53
4 Vir,176.97875,8.24583,5.32
μ Mus,177.05958,-66.81472,4.72
β Hya,178.22750,-33.90806,4.28
6 Vir,178.76292,8.44389,5.58
95 Leo,178.91875,15.64667,5.53
66 UMa,178.99333,56.59861,5.84
η Crt,179.00375,-17.15083,5.18
ε Cha,179.90542,-78.22194,4.91
7 Vir,179.98708,3.65528,5.37
π Vir,180.21833,6.61417,4.66
67 UMa,180.52833,43.04556,5.21
2 Com,181.06917,21.45917,5.87
κ Cha,181.19375,-76.51917,5.04
ο Vir,181.30208,8.73306,4.12
η Cru,181.72042,-64.61361,4.15
δ Cen,182.08958,-50.72250,2.60
10 Vir,182.42208,1.89778,5.95
11 Vir,182.51417,5.80694,5.72
ε Crv,182.53125,-22.61972,3.00
3 Com,182.63167,16.80917,6.39
3 Crv,182.76625,-23.60250,5.46
ρ Cen,182.91292,-52.36861,3.96
4 Com,182.96333,25.87028,5.66
68 UMa,182.93708,57.05444,6.43
5 Com,183.03875,20.54194,5.57
12 Vir,183.35792,10.26222,5.85
6 Com,184.00083,14.89889,5.10
2 CVn,184.03167,40.66028,5.66
7 Com,184.08542,23.94528,4.95
ε Mus,184.39208,-67.96083,4.11
β Cha,184.58625,-79.31222,4.26
ζ Cru,184.60875,-64.00306,4.04
13 Vir,184.66792,-0.78722,5.90
8 Com,184.82958,23.03472,6.27
9 Com,184.87333,28.15694,6.33
3 CVn,184.95292,48.98417,5.29
16 Vir,185.08750,3.31250,4.96
ζ Crv,185.14042,-22.21583,5.21
11 Com,185.17917,17.79278,4.74
70 UMa,185.21167,57.86389,5.55
12 Com,185.62625,25.84611,4.81
17 Vir,185.63333,5.30556,6.40
6 Crv,185.84000,-24.84056,5.68
4 CVn,185.94583,42.54278,6.06
5 CVn,186.00625,51.56222,4.80
13 Com,186.07708,26.09861,5.18
71 UMa,186.26333,56.77750,5.81
6 CVn,186.46208,39.01861,5.02
14 Com,186.60042,27.26833,4.95
γ Com,186.73458,28.26833,4.36
16 Com,186.74708,26.82556,5.00
σ Cen,187.01000,-50.23056,3.91
73 UMa,186.89625,55.71278,5.70
17 Com,187.22792,25.91278,5.29
18 Com,187.36208,24.10889,5.48
20 Com,187.43000,20.89611,5.69
74 UMa,187.48875,58.40583,5.35
7 CVn,187.51208,51.53556,6.21
75 UMa,187.51792,58.76750,6.08
γ Cru,187.81958,-57.08111,6.42
4 Dra,187.52792,69.20111,4.95
21 Com,187.75250,24.56722,5.46
γ Mus,188.11667,-72.13306,3.87
η Crv,188.01750,-16.19611,4.31
20 Vir,188.26208,10.29556,6.26
22 Com,188.39250,24.28306,6.29
21 Vir,188.44500,-9.45194,5.48
κ Dra,188.37083,69.78833,3.87
23 Com,188.71292,22.62917,4.81
24 Com,188.78250,18.37694,5.02
6 Dra,188.68333,70.02194,4.94
α Mus,189.29583,-69.13556,2.69
25 Vir,189.19750,-5.83194,5.87
25 Com,189.24292,17.08944,5.68
τ Cen,189.42583,-48.54111,3.86
9 CVn,189.69292,40.87444,6.37
χ Vir,189.81167,-7.99556,4.66
26 Com,189.78042,21.06250,5.46
γ Cen,190.37917,-48.95972,2.17
27 Vir,190.39333,10.42639,6.19
ρ Vir,190.47125,10.23556,4.88
31 Vir,190.48792,6.80667,5.59
76 UMa,190.39125,62.71306,6.07
ι Cru,191.40792,-60.98111,4.69
β Mus,191.57042,-68.10806,3.05
10 CVn,191.24792,39.27889,5.95
32 Vir,191.40458,7.67333,5.22
33 Vir,191.59375,9.54000,5.67
27 Com,191.66125,16.57750,5.12
34 Vir,191.80667,11.95806,6.07
35 Vir,191.96417,3.57278,6.41
29 Com,192.22583,14.12250,5.70
11 CVn,192.17417,48.46694,6.27
30 Com,192.32250,27.55222,5.78
ι Oct,193.74417,-85.12333,5.46
37 Vir,192.90375,3.05667,6.02
31 Com,192.92458,27.54056,4.94
32 Com,193.05125,17.07389,6.32
κ Cru,193.45458,-60.37694,5.90
38 Vir,193.29667,-3.55306,6.11
35 Com,193.32417,21.24500,4.90
λ Cru,193.66333,-59.14667,4.62
μ 1Cru,193.64833,-57.17778,4.03
41 Vir,193.45708,12.41861,6.25
ψ Vir,193.58833,-9.53889,4.79
36 Com,194.73083,17.40944,4.78
44 Vir,194.91458,-3.81194,5.79
δ Mus,195.56750,-71.54889,3.62
37 Com,195.06875,30.78500,4.90
46 Vir,195.14958,-3.36861,5.99
9 Dra,194.97958,66.59722,5.32
38 Com,195.29000,17.12306,5.96
78 UMa,195.18250,56.36639,4.93
ξ 1Cen,195.88833,-49.52722,4.85
ξ 2Cen,196.72750,-49.90611,4.27
14 CVn,196.43542,35.79889,5.25
39 Com,196.58833,21.15333,5.99
40 Com,196.59417,22.61611,5.60
θ Mus,197.02917,-65.30639,5.51
41 Com,196.79458,27.62472,4.80
49 Vir,196.97417,-10.74028,5.19
ψ Hya,197.26375,-23.11806,4.95
50 Vir,197.43875,-10.32944,5.94
θ Vir,197.48750,-5.53889,4.38
15 CVn,197.42500,38.53389,6.28
17 CVn,197.51333,38.49889,5.91
53 Vir,198.01458,-16.19861,5.04
β Com,197.96833,27.87806,4.26
54 Vir,198.36167,-18.82667,6.28
η Mus,198.81208,-67.89444,4.80
55 Vir,198.54542,-19.93083,5.33
57 Vir,198.99500,-19.94306,5.22
19 CVn,198.88333,40.85528,5.79
59 Vir,199.19375,9.42417,5.22
σ Vir,199.40125,5.46972,4.80
20 CVn,199.38542,40.57250,4.73
61 Vir,199.60125,-18.31139,4.74
γ Hya,199.73042,-23.17167,3.00
21 CVn,199.56042,49.68194,5.15
ι Cen,200.14917,-36.71222,2.75
23 CVn,200.07917,40.15056,5.60
64 Vir,200.54042,5.15472,5.87
63 Vir,200.75458,-17.73528,5.37
65 Vir,200.82875,-4.92444,5.89
66 Vir,201.13833,-5.16389,5.75
68 Vir,201.68000,-12.70778,5.25
69 Vir,201.86333,-15.97361,4.76
70 Vir,202.10750,13.77889,4.98
71 Vir,202.30417,10.81833,5.65
κ Oct,205.23125,-85.78611,5.58
72 Vir,202.60708,-6.47028,6.09
73 Vir,203.01167,-18.72889,6.01
74 Vir,202.99125,-6.25583,4.69
75 Vir,203.21542,-15.36306,5.55
76 Vir,203.24208,-10.16500,5.21
78 Vir,203.53292,3.65889,4.94
81 UMa,203.53042,55.34861,5.60
80 Vir,203.88042,-5.39611,5.73
24 CVn,203.61375,49.01611,4.70
25 CVn,204.36500,36.29500,4.82
ε Cen,204.97167,-53.46639,2.30
82 UMa,204.87667,52.92139,5.46
1 Boo,205.16875,19.95556,5.75
2 Boo,205.25958,22.49583,5.62
82 Vir,205.40333,-8.70306,5.01
83 UMa,205.18458,54.68167,4.66
84 Vir,205.76542,3.53806,5.36
83 Vir,206.12417,-16.17917,5.60
1 Cen,206.42167,-33.04389,4.23
85 Vir,206.39625,-15.76750,6.19
86 Vir,206.48458,-12.42667,5.51
87 Vir,206.85583,-17.86000,5.43
3 Boo,206.68042,25.70222,5.95
τ Boo,206.81542,17.45667,4.50
84 UMa,206.64875,54.43278,5.70
ν Cen,207.37625,-41.68778,3.41
2 Cen,207.36125,-34.45083,4.19
μ Cen,207.40417,-42.47389,3.04
89 Vir,207.46792,-18.13417,4.97
υ Boo,207.36917,15.79778,4.07
6 Boo,207.42833,21.26417,4.91
3 Cen,207.95667,-32.99444,4.56
4 Cen,208.30208,-31.92778,4.73
7 Boo,208.30375,17.93278,5.70
10 Dra,207.85792,64.72333,4.65
ζ Cen,208.88500,-47.28833,2.55
90 Vir,208.67542,-1.50306,5.15
86 UMa,208.46250,53.72861,5.70
92 Vir,209.11625,1.05056,5.91
9 Boo,209.14250,27.49194,5.01
φ Cen,209.56792,-42.10083,3.83
47 Hya,209.62958,-24.97222,5.15
10 Boo,209.66208,21.69611,5.76
48 Hya,210.00042,-25.01028,5.77
θ Aps,211.33250,-76.79667,5.50
11 Boo,210.29375,27.38667,6.23
τ Vir,210.41167,1.54444,4.26
χ Cen,211.51167,-41.17972,4.36
π Hya,211.59292,-26.68250,3.27
95 Vir,211.67833,-9.31333,5.46
96 Vir,212.25250,-10.33444,6.47
13 Boo,212.07208,49.45806,5.25
η Aps,214.55750,-81.00778,4.91
12 Boo,212.59958,25.09167,4.83
3 UMi,211.73500,74.59361,6.45
50 Hya,213.19167,-27.26111,5.08
4 UMi,212.21208,77.54750,4.82
14 Boo,213.52167,12.95944,5.54
15 Boo,213.71167,10.10056,5.29
ε Aps,215.59458,-80.10889,5.06
δ Oct,216.72875,-83.66778,4.32
ι Boo,214.04125,51.36722,4.75
ι Lup,214.85083,-46.05778,3.55
18 Boo,214.81792,13.00417,5.41
υ Vir,214.88542,-2.26556,5.14
ψ Cen,215.13917,-37.88528,4.05
20 Boo,214.93833,16.30694,4.86
51 Hya,215.77417,-27.75389,4.77
2 Lib,215.85667,-11.71417,6.21
θ Boo,216.29917,51.85083,4.05
22 Boo,216.61417,19.22694,5.39
104 Vir,216.85167,-6.12028,6.17
52 Hya,217.04333,-29.49167,4.97
106 Vir,217.17375,-6.90056,5.42
24 Boo,217.15750,49.84472,5.59
σ Lup,218.15375,-50.45694,4.42
ρ Boo,217.95750,30.37139,3.58
5 UMi,216.88125,75.69611,4.25
26 Boo,218.13542,22.26000,5.92
η Cen,218.87667,-42.15778,2.31
σ Boo,218.67000,29.74500,4.46
ρ Lup,219.47167,-49.42583,4.05
α Cir,220.62667,-64.97528,3.19
33 Boo,219.70917,44.40444,5.39
α Lup,220.48250,-47.38833,2.30
α Aps,221.96500,-79.04472,3.83
π 1Boo,220.18167,16.41833,4.94
ζ Boo,220.28708,13.72833,4.83
31 Boo,220.41167,8.16167,4.86
32 Boo,220.43125,11.66056,5.56
4 Lib,220.80667,-24.99750,5.73
μ Vir,220.76500,-5.65833,3.88
34 Boo,220.85583,26.52778,4.81
54 Hya,221.50042,-25.44306,4.94
108 Vir,221.37583,0.71722,5.69
ο Boo,221.31042,16.96444,4.60
5 Lib,221.49083,-15.45972,6.33
109 Vir,221.56208,1.89278,3.72
55 Hya,221.84375,-25.62444,5.63
56 Hya,221.93667,-26.08750,5.24
57 Hya,221.98958,-26.64639,5.77
μ Lib,222.32958,-14.14889,5.31
π 1Oct,225.46167,-83.22778,5.65
58 Hya,222.57208,-27.96028,4.41
ο Lup,222.91000,-43.57556,4.32
11 Lib,222.75417,-2.29917,4.94
39 Boo,222.42208,48.72056,5.69
ζ Cir,223.67667,-65.99139,6.09
ξ Boo,222.84708,19.10111,4.55
π 2Oct,226.19458,-83.03833,5.65
12 Lib,223.58375,-24.64222,5.30
θ Cir,224.18333,-62.78083,5.11
ξ 1Lib,223.59542,-11.89833,5.80
ω Oct,227.78458,-84.78750,5.91
ξ 2Lib,224.19208,-11.40972,5.46
16 Lib,224.29583,-4.34639,4.49
β Lup,224.63292,-43.13389,2.68
κ Cen,224.79042,-42.10417,3.13
59 Hya,224.66333,-27.65722,5.65
18 Lib,224.72333,-11.14417,5.87
δ Lib,225.24333,-8.51889,4.92
40 Boo,224.90375,39.26528,5.64
60 Hya,225.52667,-28.06056,5.85
η Cir,226.20083,-64.03167,5.17
ω Boo,225.52708,25.00806,4.81
110 Vir,225.72500,2.09139,4.40
π Lup,226.28000,-47.05111,4.72
ψ Boo,226.11125,26.94750,4.54
44 Boo,225.94750,47.65444,4.76
ν Lib,226.65667,-16.25694,5.20
λ Lup,227.21083,-45.27972,4.05
47 Boo,226.35750,48.15111,5.57
45 Boo,226.82542,24.86917,4.93
46 Boo,227.09917,26.30111,5.67
ζ Lup,228.07125,-52.09917,3.41
23 Lib,228.36958,-25.30917,6.45
1 Lup,228.65542,-31.51917,4.91
26 Lib,228.64042,-17.76861,6.17
δ Cir,229.23625,-60.95750,5.09
ε Cir,229.41208,-63.61056,4.86
β Cir,229.37833,-58.80111,4.07
γ TrA,229.72750,-68.67944,2.89
3 Ser,228.79750,4.93944,5.33
χ Boo,228.62167,29.16417,5.26
4 Ser,228.95458,0.37222,5.63
δ Boo,228.87583,33.31472,3.47
μ Lup,229.63333,-47.87500,4.27
2 Lup,229.45792,-30.14889,4.34
5 Ser,229.82833,1.76528,5.06
δ Lup,230.34292,-40.64750,3.22
ν 1Lup,230.53458,-47.92778,5.00
ν 2Lup,230.45083,-48.31778,5.65
28 Lib,230.22375,-18.15861,6.17
ο Lib,230.25583,-15.54833,6.30
γ Cir,230.84458,-59.32083,4.51
ε Lup,230.67042,-44.68944,3.37
ο CrB,230.03542,29.61611,5.51
6 Ser,230.25833,0.71528,5.35
11 UMi,229.27458,71.82389,5.02
7 Ser,230.59667,12.56750,6.28
50 Boo,230.45250,32.93389,5.37
υ Lup,231.18708,-39.71028,5.37
8 Ser,230.93208,-1.02250,6.12
ε Lib,231.04958,-10.32222,4.94
η CrB,230.80125,30.28778,5.58
ρ Oct,235.82000,-84.46528,5.57
10 Ser,232.15917,1.84222,5.17
ν 1Boo,232.73250,40.83306,5.02
ε TrA,234.18000,-66.31694,4.11
11 Ser,233.24125,-1.18639,5.51
ν 2Boo,232.94583,40.89944,5.02
36 Lib,233.65542,-28.04694,5.15
γ Lup,233.78542,-41.16694,2.78
37 Lib,233.54458,-10.06444,4.62
θ CrB,233.23250,31.35917,4.14
δ Ser,233.70042,10.53750,3.80
υ Lib,234.25625,-28.13500,3.58
ω Lup,234.51333,-42.56750,4.33
μ CrB,233.81250,39.01000,5.11
16 Ser,234.12333,10.01000,5.26
τ Lib,234.66417,-29.77778,3.66
41 Lib,234.72708,-19.30194,5.38
φ Boo,234.45667,40.35333,5.24
42 Lib,235.07042,-23.81806,4.96
θ UMi,232.85375,77.34944,4.96
κ Lib,235.48667,-19.67889,4.74
ι Ser,235.38792,19.67028,4.52
χ Ser,235.44750,12.84750,5.33
η Lib,236.01833,-15.67278,5.41
γ CrB,235.68583,26.29556,3.84
ψ Ser,236.00750,2.51500,5.88
π CrB,235.99708,32.51583,5.56
25 Ser,236.52333,-1.80444,5.40
β Ser,236.54708,15.42194,3.67
λ Ser,236.61083,7.35306,4.43
υ Ser,236.82208,14.11528,5.71
μ Ser,237.40500,-3.43028,3.53
χ Lup,237.73958,-33.62722,3.95
1 Sco,237.74458,-25.75139,4.64
ω Ser,237.57292,2.19639,5.23
δ CrB,237.39875,26.06833,4.63
κ TrA,238.87333,-68.60306,5.09
ε Ser,237.70417,4.47778,3.71
36 Ser,237.81500,-3.09056,5.11
β TrA,238.78542,-63.43056,2.85
ρ Ser,237.81625,20.97778,4.76
κ CrB,237.80792,35.65750,4.82
λ Lib,238.33375,-20.16722,5.03
ζ UMi,236.01458,77.79444,4.32
2 Sco,238.40292,-25.32722,4.59
θ Lib,238.45625,-16.72944,4.15
39 Ser,238.30042,13.19667,6.10
3 Sco,238.66458,-25.24361,5.87
χ Her,238.16875,42.45167,4.62
47 Lib,238.75125,-19.38306,5.94
4 Sco,238.87542,-26.26583,5.62
40 Ser,238.66792,8.58028,6.29
ξ 1Lup,239.22292,-33.96639,5.12
2 Her,238.65792,43.13861,5.37
γ Ser,239.11333,15.66167,3.85
λ CrB,238.94833,37.94694,5.45
4 Her,238.87750,42.56611,5.75
φ Ser,239.31083,14.41444,5.54
48 Lib,239.54750,-14.27944,4.88
ε CrB,239.39708,26.87778,4.15
η Lup,240.03042,-38.39694,3.41
49 Lib,240.08167,-16.53333,5.47
50 Lib,240.19833,-8.41139,5.55
η Nor,240.80375,-49.22972,4.65
5 Her,240.30958,17.81833,5.12
ρ CrB,240.26125,33.30361,5.41
ι CrB,240.36083,29.85111,4.99
π Ser,240.57375,22.80444,4.83
43 Ser,240.94042,4.98667,6.08
ξ Sco,241.09208,-11.37306,5.07
δ Nor,241.62250,-45.17333,4.72
υ Her,240.69958,46.03667,4.76
θ Dra,240.47208,58.56528,4.01
θ Lup,241.64792,-36.80222,4.23
11 Sco,241.90167,-12.74556,5.78
45 Ser,241.90625,9.89167,5.63
47 Ser,242.11667,8.53417,5.73
8 Her,242.19417,17.20583,6.14
τ CrB,242.24292,36.49083,4.76
ζ Nor,243.34417,-55.54083,5.81
φ Her,242.19250,44.93500,4.26
κ Nor,243.36958,-54.63056,4.94
13 Sco,243.07583,-27.92639,4.59
12 Sco,243.06625,-28.41750,5.67
δ TrA,243.85958,-63.68556,3.85
ψ Sco,243.00000,-10.06417,4.94
16 Sco,243.03042,-8.54750,5.43
10 Her,242.90833,23.49472,5.70
θ Nor,243.81375,-47.37222,5.14
9 Her,243.31417,5.02111,5.48
χ Sco,243.46208,-11.83750,5.22
18 Sco,243.90542,-8.36944,5.50
σ CrB,243.67000,33.85861,5.64
16 Her,243.86958,18.80833,5.69
λ Nor,244.82375,-42.67389,5.45
υ CrB,244.18667,29.15028,5.78
19 UMi,242.70625,75.87750,5.48
ο Sco,245.15917,-24.16944,4.55
20 UMi,243.13417,75.21056,6.39
τ Her,244.93500,46.31333,3.89
σ Ser,245.51833,1.02917,4.82
γ Her,245.48000,19.15306,3.75
ζ TrA,247.11708,-70.08444,4.91
γ Aps,248.36250,-78.89722,3.89
ξ CrB,245.52417,30.89194,4.85
ψ Oph,246.02583,-20.03750,4.50
ν 1CrB,245.58917,33.79917,5.20
ν 2CrB,245.62167,33.70361,5.39
ι TrA,246.98875,-64.05806,5.27
21 Her,246.04500,6.94806,5.85
ρ Oph,246.39667,-23.44722,5.02
ε Nor,246.79625,-47.55500,4.47
η UMi,244.37625,75.75528,4.95
χ Oph,246.75583,-18.45639,4.42
25 Her,246.35083,37.39389,5.54
υ Oph,246.95042,-8.37167,4.63
22 Sco,247.55167,-25.11500,4.79
30 Her,247.16042,41.88167,5.04
φ Oph,247.78458,-16.61278,4.28
θ TrA,248.93667,-65.49528,5.52
ω Oph,248.03417,-21.46639,4.45
μ Nor,248.52083,-44.04528,4.94
34 Her,247.52500,48.96083,6.45
28 Her,248.14875,5.52111,5.63
29 Her,248.15125,11.48806,4.84
15 Dra,246.99583,68.76806,5.00
β Aps,250.76917,-77.51750,4.24
σ Her,248.52583,42.43694,4.20
12 Oph,249.08958,-2.32472,5.75
ζ Oph,249.28958,-10.56722,2.56
16 Dra,249.04792,52.90028,5.53
17 Dra,249.05708,52.92444,5.08
37 Her,250.16125,4.21972,5.77
42 Her,249.68708,48.92833,4.90
14 Oph,250.42708,1.18111,5.74
ζ Her,250.32167,31.60306,2.81
39 Her,250.40292,26.91694,5.92
η Her,250.72417,38.92222,3.53
18 Dra,250.22958,64.58917,4.83
16 Oph,251.37375,1.02028,6.03
43 Her,251.45792,8.58250,5.15
η Ara,252.44625,-59.04139,3.76
19 Oph,251.79083,2.06444,6.10
45 Her,251.94333,5.24667,5.24
20 Oph,252.45833,-10.78306,4.65
47 Her,252.58083,7.24778,5.49
52 Her,252.30917,45.98333,4.82
21 Oph,252.85375,1.21611,5.51
50 Her,252.66250,29.80667,5.72
51 Her,252.93875,24.65639,5.04
53 Her,253.24208,31.70167,5.32
23 Oph,253.64875,-6.15389,5.25
ι Oph,253.50208,10.16528,4.38
ζ Ara,254.65500,-55.99028,3.13
27 Sco,254.29625,-33.25944,5.48
24 Oph,254.20000,-23.15000,5.58
56 Her,253.75875,25.73056,6.08
54 Her,253.84250,18.43333,5.35
κ Oph,254.41708,9.37500,3.20
57 Her,254.37917,25.35278,6.28
26 Oph,255.03958,-24.98917,5.75
19 Dra,254.00708,65.13472,4.89
30 Oph,255.26500,-4.22250,4.82
20 Dra,254.10500,65.03917,6.41
29 Oph,255.46333,-18.88556,6.26
ε UMi,251.49208,82.03722,4.23
ε Her,255.07250,30.92639,3.92
59 Her,255.40167,33.56833,5.25
60 Her,256.34458,12.74083,4.91
η Sco,258.03833,-43.23917,3.33
63 Her,257.76333,24.23778,6.19
37 Oph,258.11583,10.58528,5.33
ι Aps,260.52458,-70.12333,5.41
41 Oph,259.15292,-0.44528,4.73
ζ Aps,260.49750,-67.77056,4.78
π Her,258.76167,36.80917,3.16
ο Oph,259.50292,-24.28694,5.20
68 Her,259.33125,33.10000,4.82
69 Her,259.41792,37.29167,4.65
ξ Oph,260.25083,-21.11278,4.39
ν Ser,260.20708,-12.84694,4.33
ι Ara,260.81708,-47.46833,5.25
θ Oph,260.50250,-24.99944,3.27
70 Her,260.22583,24.49944,5.12
72 Her,260.16500,32.46778,5.39
43 Oph,260.84000,-28.14306,5.35
β Ara,261.32500,-55.53000,2.85
γ Ara,261.34833,-56.37750,3.34
74 Her,260.08792,46.24083,5.59
κ Ara,261.50000,-50.63361,5.23
73 Her,261.02750,22.96028,5.74
ρ Her,260.91958,37.14667,5.47
44 Oph,261.59250,-24.17528,4.17
45 Oph,261.83875,-29.86694,4.29
σ Oph,261.62875,4.14028,4.34
δ Ara,262.77458,-60.68389,3.62
77 Her,261.68417,48.26000,5.85
α Ara,262.96042,-49.87611,2.95
51 Oph,262.85417,-23.96278,4.81
78 Her,262.95667,28.40750,5.62
σ Ara,263.91500,-46.50556,4.59
53 Oph,263.65292,9.58667,5.81
π Ara,264.52333,-54.50028,5.25
ν 1Dra,263.04417,55.18417,4.88
ν 2Dra,263.06667,55.17306,4.87
ξ Ser,264.39667,-15.39861,3.54
27 Dra,262.99125,68.13500,5.05
μ Oph,264.46125,-8.11889,4.62
λ Ara,265.09833,-49.41556,4.77
79 Her,264.37958,24.31000,5.77
26 Dra,263.74792,61.87500,5.23
82 Her,264.15667,48.58556,5.37
κ Sco,265.62208,-39.03000,2.41
ο Ser,265.35375,-12.87528,4.26
η Pav,266.43333,-64.72389,3.62
ι Her,264.86625,46.00639,3.80
58 Oph,265.85750,-21.68333,4.87
ω Dra,264.23792,68.75806,4.80
83 Her,265.61833,24.56417,5.52
84 Her,265.84000,24.32778,5.71
61 Oph,266.14167,2.57944,6.17
3 Sgr,266.89000,-27.83083,4.54
μ Her,266.61458,27.72056,3.42
γ Oph,266.97333,2.70722,3.75
87 Her,267.20500,25.62278,5.12
30 Dra,267.26792,50.78111,5.02
90 Her,268.32542,40.00806,5.16
89 Her,268.85500,26.05000,5.46
θ Her,269.06333,37.25056,3.86
ν Oph,269.75667,-9.77361,3.34
4 Sgr,269.94833,-23.81611,4.76
35 Dra,267.36250,76.96278,5.04
ξ Her,269.44125,29.24778,3.70
ν Her,269.62583,30.18944,4.41
ζ Ser,270.12083,-3.69028,4.62
66 Oph,270.06583,4.36861,4.64
93 Her,270.01417,16.75083,4.67
67 Oph,270.16125,2.93167,3.97
6 Sgr,270.34625,-17.15694,6.28
χ Oct,283.69542,-87.60583,5.28
68 Oph,270.43833,1.30528,4.45
7 Sgr,270.71292,-24.28222,5.34
95 Her,270.37458,21.59528,5.18
τ Oph,270.77083,-8.18028,5.94
9 Sgr,270.96833,-24.36056,5.97
96 Her,270.59625,20.83361,5.28
97 Her,270.62542,22.92306,6.21
θ Ara,271.65792,-50.09167,3.66
π Pav,272.14500,-63.66833,4.35
70 Oph,271.36375,2.49944,4.03
ι Pav,272.60875,-62.00222,5.49
98 Her,271.50792,22.21889,5.06
71 Oph,271.82667,8.73389,4.64
72 Oph,271.83750,9.56389,3.73
99 Her,271.75625,30.56194,5.04
ο Her,271.88583,28.76250,3.83
100 Her,271.95625,26.10139,5.86
ε Tel,272.80750,-45.95444,4.53
102 Her,272.18958,20.81444,4.36
101 Her,272.22042,20.04528,5.10
73 Oph,272.39083,3.99333,5.73
11 Sgr,272.93083,-23.70111,4.98
40 Dra,270.01417,80.00083,6.04
41 Dra,270.03833,80.00417,5.68
24 UMi,262.70000,86.96806,5.79
104 Her,272.97583,31.40528,4.97
14 Sgr,273.56625,-21.71306,5.44
15 Sgr,273.80375,-20.72833,5.38
16 Sgr,273.80375,-20.38806,5.95
φ Oct,275.90042,-75.04417,5.47
η Sgr,274.40667,-36.76167,3.11
36 Dra,273.47417,64.39722,5.03
ξ Pav,275.80667,-61.49389,4.36
105 Her,274.79458,24.44611,5.27
37 Dra,273.82083,68.75583,5.95
74 Oph,275.21708,3.37722,4.86
106 Her,275.07458,21.96139,4.95
η Ser,275.32750,-2.89889,3.26
κ Lyr,274.96542,36.06444,4.33
108 Her,275.23792,29.85889,5.63
107 Her,275.25417,28.87000,5.12
ζ Sct,275.91458,-8.93417,4.68
18 Sgr,276.25625,-30.75667,5.60
109 Her,275.92458,21.76972,3.84
21 Sgr,276.33750,-20.54167,4.81
α Tel,276.74333,-45.96833,3.51
μ Lyr,276.05750,39.50722,5.12
ζ Tel,277.20792,-49.07083,4.13
ν Pav,277.84333,-62.27833,4.64
59 Ser,276.80208,0.19611,5.21
φ Dra,275.18958,71.33778,4.22
39 Dra,275.97708,58.80056,4.98
χ Dra,275.26417,72.73278,3.57
γ Sct,277.29958,-14.56583,4.70
60 Ser,277.42083,-1.98528,5.39
θ CrA,278.37583,-42.31250,4.64
61 Ser,277.98750,-1.00306,5.94
24 Sgr,278.47292,-24.03250,5.49
α Sct,278.80167,-8.24417,3.85
45 Dra,278.14375,57.04556,4.77
ζ Pav,280.75875,-71.42806,4.01
26 Sgr,280.46500,-23.83333,6.23
δ Sct,280.56833,-9.05250,4.72
λ CrA,280.94542,-38.32361,5.13
ε Sct,280.88042,-8.27528,4.90
θ Pav,282.15750,-65.07778,5.73
φ Sgr,281.41417,-26.99083,3.17
4 Aql,281.20792,2.06000,5.02
28 Sgr,281.58583,-22.39222,5.37
46 Dra,280.65792,55.53944,5.04
μ CrA,281.93583,-40.40611,5.24
5 Aql,281.61875,-0.96167,5.90
110 Her,281.41542,20.54639,4.19
β Sct,281.79375,-4.74778,4.22
111 Her,281.75542,18.18139,4.36
λ Pav,283.05417,-62.18750,4.22
29 Sgr,282.41708,-20.32472,5.24
κ Tel,283.16500,-52.10750,5.17
ν 1Lyr,282.44125,32.81278,5.91
8 Aql,282.84208,-3.31778,6.10
ν 2Lyr,282.47042,32.55083,5.25
κ Pav,284.23750,-67.23361,4.44
112 Her,283.06833,21.42528,5.48
33 Sgr,283.50042,-21.35972,5.69
ν 2Sgr,283.77958,-22.67139,4.99
50 Dra,281.59250,75.43389,5.35
ο Dra,282.80042,59.38833,4.66
ω Pav,284.65167,-60.20056,5.14
113 Her,283.68708,22.64500,4.59
λ Tel,284.61542,-52.93861,4.87
ξ 1Sgr,284.33542,-20.65639,5.08
η Sct,284.26542,-5.84611,4.83
ξ 2Sgr,284.43250,-21.10667,3.51
ε CrA,284.68083,-37.10750,4.87
13 Lyr,283.83375,43.94611,4.04
64 Ser,284.31917,2.53528,5.57
10 Aql,284.69542,13.90667,5.89
11 Aql,284.77375,13.62250,5.23
48 Dra,284.18750,57.81500,5.66
ε Aql,284.90583,15.06833,4.02
υ Dra,283.59958,71.29722,4.82
ζ CrA,285.77875,-42.09528,4.75
λ Lyr,285.00375,32.14556,4.93
12 Aql,285.42000,-5.73889,4.02
14 Aql,285.72708,-3.69889,5.42
ρ Tel,286.58292,-52.34083,5.16
16 Lyr,285.36000,46.93472,5.01
ο Sgr,286.17083,-21.74167,3.77
49 Dra,285.18083,55.65833,5.48
15 Aql,286.24000,-4.03139,5.42
γ CrA,286.60458,-37.06333,4.93
τ Sgr,286.73500,-27.67056,3.32
λ Aql,286.56208,-4.88250,3.44
δ CrA,287.08708,-40.49667,4.59
18 Aql,286.74417,11.07139,5.09
51 Dra,286.23000,53.39667,5.38
β CrA,287.50708,-39.34083,4.11
17 Lyr,286.85667,32.50167,5.23
ι Lyr,286.82542,36.10028,5.28
19 Aql,287.24958,6.07333,5.22
τ Pav,289.11875,-69.19056,6.27
20 Aql,288.16958,-7.93944,5.34
19 Lyr,287.94167,31.28333,5.98
21 Aql,288.42792,2.29361,5.15
55 Dra,287.44083,65.97861,6.25
ψ Sgr,288.88500,-25.25667,4.85
53 Dra,287.91875,56.85917,5.12
1 Sge,288.82250,21.23222,5.64
22 Aql,289.12917,4.83472,5.59
43 Sgr,289.40875,-18.95306,4.96
1 Vul,289.05417,21.39028,4.77
54 Dra,288.48000,57.70500,4.99
59 Dra,287.29083,76.56056,5.13
θ Lyr,289.09208,38.13361,4.36
2 Vul,289.43167,23.02556,5.43
23 Aql,289.63542,1.08528,5.10
24 Aql,289.71208,0.33917,6.41
κ Cyg,289.27583,53.36861,3.77
η Tel,290.71292,-54.42361,5.05
28 Aql,289.91375,12.37472,5.53
26 Aql,290.13708,-5.41583,5.01
27 Aql,290.14875,-0.89222,5.49
υ Sgr,290.43167,-15.95500,4.61
τ Dra,288.88750,73.35556,4.45
3 Vul,290.71208,26.26250,5.18
2 Sge,291.09208,16.93778,6.25
π Dra,290.16708,65.71472,4.59
2 Cyg,291.03167,29.62139,4.97
31 Aql,291.24250,11.94444,5.16
50 Sgr,291.58000,-21.77667,5.59
δ Aql,291.37458,3.11472,3.36
4 Vul,291.36917,19.79861,5.16
ν Aql,291.62958,0.33861,4.66
5 Vul,291.55500,20.09778,5.63
μ Tel,292.64375,-55.11000,6.30
λ UMi,259.23667,89.03778,6.38
4 Cyg,291.53792,36.31778,5.15
35 Aql,292.25417,1.95028,5.80
8 Vul,292.23750,24.76861,5.81
7 Vul,292.33708,20.27972,6.33
36 Aql,292.66583,-2.78889,5.03
ι Tel,293.80417,-48.09917,4.90
8 Cyg,292.94292,34.45306,4.74
μ Aql,293.52250,7.37889,4.45
37 Aql,293.78042,-10.56028,5.12
51 Sgr,294.00708,-24.71917,5.65
9 Vul,293.64542,19.77333,5.00
52 Sgr,294.17667,-24.88361,4.60
9 Cyg,293.71208,29.46306,5.38
κ Aql,294.22292,-7.02750,4.95
ι Aql,294.18042,-1.28639,4.36
11 Cyg,293.95125,36.94444,6.05
42 Aql,294.44708,-4.64750,5.46
ε Sge,294.32250,16.46278,5.66
θ Cyg,294.11042,50.22111,4.48
53 Sgr,294.95583,-23.42778,6.34
σ Aql,294.79833,5.39778,5.17
54 Sgr,295.18083,-16.29333,6.20
φ Cyg,294.84417,30.15333,4.69
45 Aql,295.18042,-0.62111,5.67
14 Cyg,294.86042,42.81833,5.40
β Sge,295.26208,17.47611,4.37
55 Sgr,295.62958,-16.12389,5.06
46 Aql,295.55333,12.19333,6.34
χ Aql,295.64167,11.82667,5.27
16 Cyg,295.45375,50.52528,5.96
10 Vul,295.92875,25.77194,5.49
ν Tel,297.00500,-56.36250,5.35
ψ Aql,296.14208,13.30278,6.26
56 Sgr,296.59042,-19.76111,4.86
15 Cyg,296.06917,37.35444,4.89
υ Aql,296.41625,7.61333,5.91
17 Cyg,296.60667,33.72778,4.99
δ Sge,296.84708,18.53417,3.82
π Aql,297.17542,11.81583,5.72
ζ Sge,297.24458,19.14222,5.00
51 Aql,297.69500,-10.76361,5.39
ο Aql,297.75667,10.41556,5.11
57 Sgr,298.05000,-19.04500,5.92
χ Cyg,297.64125,32.91417,4.23
12 Vul,297.76708,22.61000,4.95
19 Cyg,297.64167,38.72250,5.12
η Aql,298.11833,1.00556,3.90
9 Sge,298.09083,18.67194,6.23
20 Cyg,297.65708,52.98806,5.03
ι Sgr,298.81542,-41.86833,4.13
ε Dra,297.04333,70.26778,3.83
56 Aql,298.53417,-8.57417,5.79
ε Pav,300.14792,-72.91056,3.96
13 Vul,298.36542,24.07972,4.58
57 Aql,298.65667,-8.22722,5.71
58 Aql,298.68667,0.27361,5.61
μ 1Pav,300.09583,-66.94944,5.76
59 Sgr,299.23667,-27.17000,4.52
23 Cyg,298.32250,57.52361,5.14
10 Sge,299.00542,16.63472,5.36
φ Aql,299.05958,11.42389,5.28
μ 2Pav,300.46833,-66.94417,5.31
22 Cyg,298.96542,38.48667,4.94
61 Sgr,299.48750,-15.49139,5.02
η Cyg,299.07667,35.08333,3.89
60 Sgr,299.73833,-26.19556,4.83
ψ Cyg,298.90750,52.43889,4.92
11 Sge,299.43917,16.78917,5.53
γ Sge,299.68917,19.49222,3.47
14 Vul,299.79375,23.10139,5.67
13 Sge,300.01375,17.51667,5.37
25 Cyg,299.98000,37.04278,5.19
63 Sgr,300.49417,-13.63694,5.71
62 Sgr,300.66458,-27.70972,4.58
15 Vul,300.27542,27.75361,4.64
16 Vul,300.50583,24.93806,5.22
26 Cyg,300.34000,50.10472,5.05
δ Pav,302.18167,-66.18194,3.56
62 Aql,301.09667,-0.70944,5.68
τ Aql,301.03458,7.27806,5.52
15 Sge,301.02583,17.07000,5.80
ξ Tel,301.84667,-52.88083,4.94
64 Dra,300.36875,64.82111,5.27
η Sge,301.28958,19.99111,5.10
ρ Dra,300.70458,67.87361,4.51
69 Dra,299.90250,76.48139,6.20
17 Vul,301.72250,23.61444,5.07
27 Cyg,301.59083,35.97250,5.36
64 Aql,302.00750,-0.67833,5.99
66 Dra,301.38667,61.99556,5.39
θ Sge,302.48583,20.91528,6.48
28 Cyg,302.35667,36.83972,4.93
θ Aql,302.82625,-0.82139,3.23
18 Vul,302.63958,26.90417,5.52
ξ 1Cap,302.99125,-12.39250,6.34
ξ 2Cap,303.10792,-12.61750,5.85
19 Vul,302.95000,26.80889,5.49
20 Vul,303.00292,26.47889,5.92
66 Aql,303.30792,-1.00944,5.47
ρ Aql,303.56917,15.19750,4.95
68 Dra,302.89542,62.07861,5.75
30 Cyg,303.32500,46.81583,4.83
21 Vul,303.56042,28.69472,5.18
31 Cyg,303.40792,46.74139,3.79
29 Cyg,303.63333,36.80639,4.97
3 Cap,304.09500,-12.33694,6.32
33 Cyg,303.34958,56.56778,4.30
22 Vul,303.87583,23.50861,5.15
23 Vul,303.94208,27.81417,4.52
18 Sge,304.08208,21.59861,6.13
4 Cap,304.50583,-21.81000,5.87
κ Cep,302.22208,77.71139,4.39
32 Cyg,303.86792,47.71444,3.98
24 Vul,304.19625,24.67111,5.32
σ Cap,304.84833,-19.11861,5.28
34 Cyg,304.44667,38.03306,4.81
36 Cyg,304.61917,37.00000,5.58
35 Cyg,304.66292,34.98278,5.17
25 Vul,305.51417,24.44611,5.54
71 Dra,304.90292,62.25750,5.72
39 Cyg,305.96542,32.19000,4.43
π Cap,306.83000,-18.21167,5.25
68 Aql,307.10375,-3.35778,6.13
ρ Cap,307.21500,-17.81361,4.78
40 Cyg,306.89292,38.44028,5.62
43 Cyg,306.75958,49.38333,5.69
ο Cap,307.47458,-18.58333,5.94
69 Aql,307.41250,-2.88556,4.91
41 Cyg,307.34875,30.36861,4.01
42 Cyg,307.33500,36.45472,5.88
1 Del,307.57500,10.89583,6.08
ν Mic,308.47958,-44.51611,5.11
44 Cyg,307.74667,36.93583,6.19
θ Cep,307.39542,62.99417,4.22
η Del,308.48750,13.02722,5.38
ρ Pav,309.39708,-61.53000,4.88
μ 1Oct,310.51208,-76.18056,6.00
47 Cyg,308.47583,35.25083,4.61
α Ind,309.39167,-47.29139,3.11
ζ Del,308.82708,14.67417,4.68
70 Aql,309.18167,-2.55000,4.89
26 Vul,309.03458,25.88250,6.41
73 Dra,307.87667,74.95472,5.20
27 Vul,309.26958,26.46194,5.59
υ Pav,310.48792,-66.76083,5.15
ι Del,309.45458,11.37778,5.43
71 Aql,309.58458,-1.10528,4.32
48 Cyg,309.38250,31.57250,6.32
τ Cap,309.81833,-14.95472,5.22
29 Vul,309.63042,21.20111,4.82
θ Del,309.68292,13.31500,5.72
28 Vul,309.63292,24.11611,5.04
κ Del,309.78250,10.08611,5.05
1 Aqr,309.85375,0.48639,5.16
υ Cap,310.01250,-18.13861,5.10
75 Dra,307.06083,81.42278,5.46
74 Dra,307.36458,81.09139,5.96
β Pav,311.23958,-66.20306,3.42
10 Del,310.31750,14.58306,5.99
η Ind,311.00958,-51.92111,4.51
49 Cyg,310.26083,32.30722,5.51
δ Del,310.86458,15.07444,4.43
51 Cyg,310.55250,50.34000,5.39
σ Pav,312.32542,-68.77639,5.41
ψ Cap,311.52375,-25.27083,4.14
17 Cap,311.54167,-21.51417,5.93
30 Vul,311.21875,25.27056,4.91
52 Cyg,311.41542,30.71972,4.22
ι Mic,312.12167,-43.98861,5.11
4 Cep,310.79583,66.65750,5.58
3 Aqr,311.93417,-5.02778,4.42
ζ Ind,312.37083,-46.22694,4.89
13 Del,311.95125,6.00833,5.58
η Cep,311.32250,61.83889,3.43
λ Cyg,311.85208,36.49083,4.53
α Mic,312.49208,-33.77972,4.90
ι Ind,312.87542,-51.60833,5.05
15 Del,312.40750,12.54528,5.98
14 Del,312.45125,7.86417,6.33
55 Cyg,312.23458,46.11417,4.84
β Mic,312.99500,-33.17722,6.04
ω Cap,312.95542,-26.91917,4.11
4 Aqr,312.85708,-5.62639,5.99
56 Cyg,312.52042,44.05944,5.04
5 Aqr,313.03625,-5.50694,5.55
β Ind,313.70250,-58.45417,3.65
μ Aqr,313.16333,-8.98333,4.73
31 Vul,313.03208,27.09694,4.59
19 Cap,313.69958,-17.92306,5.78
57 Cyg,313.31167,44.38722,4.78
76 Dra,310.64667,82.53111,5.75
32 Vul,313.64000,28.05750,5.01
17 Del,313.90292,13.72139,5.17
16 Del,313.91083,12.56861,5.58
7 Aqr,314.22500,-9.69750,5.51
α Oct,316.17917,-77.02389,5.15
ν Cyg,314.29333,41.16722,3.94
33 Vul,314.56833,22.32583,5.31
20 Cap,314.90042,-19.03528,6.25
ε Equ,314.76833,4.29361,5.23
γ Mic,315.32292,-32.25778,4.67
11 Aqr,315.14083,-4.73028,6.21
59 Cyg,314.95667,47.52111,4.74
ζ Mic,315.74167,-38.63167,5.30
60 Cyg,315.29542,46.15583,5.37
μ Ind,316.30917,-54.72722,5.16
12 Aqr,316.01958,-5.82306,5.89
η Cap,316.10125,-19.85500,4.84
3 Equ,316.14458,5.50278,5.61
η Mic,316.60625,-41.38611,5.53
δ Mic,316.50500,-30.12500,5.68
θ Cap,316.48667,-17.23278,4.07
4 Equ,316.36125,5.95833,5.94
ξ Cyg,316.23292,43.92778,3.72
24 Cap,316.78208,-25.00583,4.50
61 Cyg,316.72750,38.74583,5.21
χ Cap,317.14000,-21.19361,5.30
63 Cyg,316.65042,47.64833,4.55
27 Cap,317.38750,-20.55639,6.25
ο Pav,318.33542,-70.12639,5.02
ν Aqr,317.39875,-11.37167,4.51
γ Equ,317.58542,10.13167,4.69
6 Equ,317.63000,10.04889,6.07
ζ Cyg,318.23417,30.22694,3.20
δ Equ,318.62042,10.00694,4.49
φ Cap,318.90792,-20.65167,5.24
29 Cap,318.93708,-15.17139,5.28
τ Cyg,318.69792,38.04556,3.72
ε Mic,319.48458,-32.17250,4.71
30 Cap,319.48875,-17.98528,5.43
θ Ind,319.96667,-53.44972,4.39
15 Aqr,319.54625,-4.51944,5.82
σ Cyg,319.35417,39.39472,4.23
υ Cyg,319.47958,34.89694,4.43
68 Cyg,319.61333,43.94583,5.00
16 Aqr,320.26792,-4.56000,5.87
9 Equ,320.27000,7.35444,5.82
ι Cap,320.56167,-16.83444,4.28
6 Cep,319.84250,64.87194,5.18
1 Peg,320.52167,19.80444,4.08
17 Aqr,320.73458,-9.31944,5.99
β Equ,320.72333,6.81111,5.16
γ Pav,321.61083,-65.36611,4.22
33 Cap,321.04000,-20.85194,5.41
18 Aqr,321.04792,-12.87806,5.49
γ Ind,321.56417,-54.66056,6.12
20 Aqr,321.21542,-3.39833,6.36
19 Aqr,321.30458,-9.74861,5.70
21 Aqr,321.32083,-3.55667,5.49
ζ Cap,321.66667,-22.41139,3.74
35 Cap,321.81167,-21.19611,5.78
69 Cyg,321.44583,36.66750,5.94
36 Cap,322.18083,-21.80722,4.51
70 Cyg,321.83917,37.11667,5.31
35 Vul,321.91708,27.60861,5.41
2 Peg,322.48708,23.63889,4.57
7 Cep,321.94208,66.80917,5.44
71 Cyg,322.36250,46.54056,5.24
ξ Gru,323.02458,-41.17917,5.29
6 PsA,323.06083,-33.94472,5.97
37 Cap,323.71250,-20.08444,5.69
ρ Cyg,323.49542,45.59194,4.02
8 PsA,324.04583,-26.17139,5.73
ν Oct,325.36875,-77.39000,3.76
72 Cyg,323.69417,38.53417,4.90
7 PsA,324.20375,-33.04806,6.11
ε Cap,324.27000,-19.46611,4.68
3 Peg,324.43208,6.61833,6.18
74 Cyg,324.23750,40.41361,5.01
5 Peg,324.43917,19.31861,5.45
4 Peg,324.63292,5.77167,5.67
25 Aqr,324.88875,2.24361,5.10
9 Cep,324.48000,62.08194,4.73
λ Oct,327.72625,-82.71917,5.29
42 Cap,325.38708,-14.04750,5.18
75 Cyg,325.04625,43.27389,5.11
41 Cap,325.50333,-23.26278,5.24
26 Aqr,325.54208,1.28528,5.67
κ Cap,325.66458,-18.86639,4.73
7 Peg,325.56458,5.68000,5.30
76 Cyg,325.39292,40.80528,6.11
44 Cap,325.76833,-14.39972,5.88
77 Cyg,325.59542,41.07722,5.69
45 Cap,326.00417,-14.74944,5.99
ι PsA,326.23667,-33.02583,4.34
79 Cyg,325.85708,38.28389,5.65
μ 1Cyg,326.03583,28.74278,4.73
46 Cap,326.25125,-9.08250,5.09
9 Peg,326.12792,17.35000,4.34
κ Peg,326.16125,25.64500,4.13
μ Cep,325.87667,58.78000,4.08
11 Cep,325.48042,71.31139,4.56
47 Cap,326.56792,-9.27583,6.00
λ Cap,326.63375,-11.36583,5.58
12 Peg,326.51833,22.94889,5.29
θ PsA,326.93417,-30.89833,5.01
11 Peg,326.80833,2.68611,5.64
ο Ind,327.69625,-69.62944,5.53
ν Cep,326.36208,61.12083,4.29
π 2Cyg,326.69833,49.30944,4.23
12 Cep,326.85542,60.69278,5.52
14 Peg,327.46125,30.17417,5.04
13 Peg,327.53625,17.28556,5.29
μ Cap,328.32417,-13.55167,5.08
15 Peg,328.12458,28.79333,5.53
16 Peg,328.26583,25.92500,5.08
π Ind,329.05833,-57.89944,6.19
δ Ind,329.47958,-54.99250,4.40
13 Cep,328.72167,56.61139,5.80
17 Peg,329.23500,12.07639,5.54
18 Peg,330.03292,6.71750,6.00
η PsA,330.20917,-28.45361,5.42
ε Ind,330.84000,-56.78611,4.69
28 Aqr,330.27083,0.60500,5.58
20 Peg,330.27250,13.11972,5.60
19 Peg,330.28833,8.25722,5.65
29 Aqr,330.61083,-16.96417,6.37
16 Cep,329.81250,73.18000,5.03
30 Aqr,330.81833,-6.52250,5.54
ο Aqr,330.82875,-2.15528,4.69
21 Peg,330.82917,11.38639,5.80
13 PsA,331.09958,-29.91667,6.47
14 Cep,330.51917,58.00056,5.56
32 Aqr,331.19750,-0.90667,5.30
λ Gru,331.52875,-39.54333,4.46
ν Peg,331.42000,5.05861,4.84
18 Cep,330.97042,63.11972,5.29
ι Aqr,331.60917,-13.86972,4.27
23 Peg,331.39458,28.96389,5.70
20 Cep,331.25208,62.78556,5.27
19 Cep,331.28708,62.28000,5.11
ι Peg,331.75292,25.34500,3.76
μ PsA,332.09583,-32.98861,4.50
υ PsA,332.10833,-34.04389,4.99
25 Peg,331.95958,21.70278,5.78
35 Aqr,332.24583,-18.51972,5.81
τ PsA,332.53667,-32.54833,4.92
π 1Peg,332.30667,33.17222,5.58
38 Aqr,332.65625,-11.56500,5.46
π 2Peg,332.49667,33.17833,4.29
28 Peg,332.62583,20.97806,6.46
39 Aqr,333.10750,-14.19389,6.03
ζ Cep,332.71375,58.20111,3.35
24 Cep,332.45167,72.34111,4.79
λ Cep,332.87792,59.41444,5.04
ψ Oct,334.46042,-77.51167,5.51
λ PsA,333.57833,-27.76694,5.43
41 Aqr,333.57500,-21.07417,5.32
ε Oct,335.00625,-80.43972,5.10
μ 1Gru,333.90375,-41.34667,4.79
μ 2Gru,334.11083,-41.62750,5.10
ε Cep,333.75833,57.04361,4.19
42 Aqr,334.20042,-12.83139,5.34
1 Lac,333.99250,37.74889,4.13
α Tuc,334.62542,-60.25972,2.86
44 Aqr,334.27708,-5.38722,5.75
υ Oct,337.90583,-85.96722,5.77
45 Aqr,334.75333,-13.30500,5.95
25 Cep,334.55292,62.80444,5.75
ρ Aqr,335.04958,-7.82111,5.37
30 Peg,335.11500,5.78944,5.37
ν Ind,336.15333,-72.25556,5.29
47 Aqr,335.39833,-21.59833,5.13
31 Peg,335.37958,12.20528,5.01
32 Peg,335.33042,28.33056,4.81
2 Lac,335.25667,46.53667,4.57
π 2Gru,335.78333,-45.92861,5.62
49 Aqr,335.87875,-24.76250,5.53
33 Peg,335.91500,20.84833,6.04
51 Aqr,336.02875,-4.83694,5.78
50 Aqr,336.11292,-13.52944,5.76
β Lac,335.89000,52.22917,4.43
π Aqr,336.31917,1.37750,4.66
δ Tuc,336.83333,-64.96639,4.48
4 Lac,336.12917,49.47639,4.57
53 Aqr,336.64333,-16.74250,6.35
34 Peg,336.65583,4.39361,5.75
35 Peg,336.96458,4.69556,4.79
ν Gru,337.16333,-39.13194,5.47
26 Cep,336.77208,65.13222,5.46
36 Peg,337.28333,9.12889,5.58
37 Peg,337.49167,4.43167,5.48
56 Aqr,337.57250,-14.58583,6.37
ζ PsA,337.72375,-26.07361,6.43
δ Cep,337.29292,58.41528,3.75
5 Lac,337.38250,47.70694,4.36
σ Aqr,337.66167,-10.67806,4.82
38 Peg,337.50750,32.57250,5.65
β PsA,337.87625,-32.34611,4.29
6 Lac,337.62208,43.12333,4.51
ν Tuc,338.25042,-61.98222,4.81
58 Aqr,337.92208,-10.90556,6.38
α Lac,337.82292,50.28250,3.77
39 Peg,338.14792,20.23000,6.42
60 Aqr,338.51208,-1.57417,5.89
υ Aqr,338.67333,-20.70833,5.20
η Aqr,338.83917,-0.11750,4.02
8 Lac,338.96792,39.63417,5.73
9 Lac,339.34333,51.54528,4.63
31 Cep,338.94208,73.64306,5.08
40 Peg,339.71917,19.52222,5.82
10 Lac,339.81542,39.05028,4.88
41 Peg,339.94583,19.68111,6.21
30 Cep,339.66250,63.58444,5.19
ε PsA,340.16417,-27.04361,4.17
β Oct,341.51375,-81.38167,4.15
11 Lac,340.12875,44.27639,4.46
19 PsA,340.59208,-29.36083,6.17
12 Lac,340.36917,40.22556,5.25
ο Peg,340.43917,29.30750,4.79
ρ Gru,340.87500,-41.41444,4.85
67 Aqr,340.80958,-6.96278,6.41
66 Aqr,340.89708,-18.83028,4.69
η Gru,341.40792,-53.50028,4.85
13 Lac,341.02292,41.81917,5.08
45 Peg,341.36750,19.36667,6.25
ξ Oct,342.59542,-80.12417,5.35
ξ Peg,341.67333,12.17278,4.19
λ Peg,341.63292,23.56556,3.95
68 Aqr,341.88792,-19.61333,5.26
ε Gru,342.13875,-51.31694,3.49
70 Aqr,342.12583,-10.55556,6.19
14 Lac,342.59083,41.95361,5.92
21 PsA,342.83708,-29.53611,5.97
ι Cep,342.42000,66.20056,3.52
γ PsA,343.13167,-32.87556,4.46
σ Peg,343.10042,9.83556,5.16
λ Aqr,343.15375,-7.57972,3.74
15 Lac,343.00833,43.31250,4.94
ρ Ind,343.66417,-70.07361,6.05
74 Aqr,343.36958,-11.61667,5.80
78 Aqr,343.64208,-7.20472,6.19
77 Aqr,343.68958,-16.27194,5.56
1 Psc,343.74792,1.06472,6.11
ρ Peg,343.80708,8.81583,4.90
δ PsA,343.98708,-32.53972,4.21
16 Lac,344.09833,41.60389,5.59
52 Peg,344.79917,11.72889,5.75
2 Psc,344.86417,0.96278,5.43
ζ Gru,345.22000,-52.75417,4.12
3 Psc,345.15792,0.18583,6.21
81 Aqr,345.34833,-7.06111,6.21
ο And,345.48042,42.32611,3.62
82 Aqr,345.63583,-6.57417,6.15
2 And,345.65125,42.75778,5.10
π PsA,345.87417,-34.74944,5.11
κ Gru,346.16500,-53.96500,5.37
3 And,346.04583,50.05222,4.65
83 Aqr,346.29083,-7.69361,5.43
θ Gru,346.72000,-43.52056,4.28
86 Aqr,346.67042,-23.74306,4.47
υ Gru,346.72333,-38.89222,5.61
55 Peg,346.75125,9.40944,4.52
56 Peg,346.77833,25.46833,4.76
1 Cas,346.65375,59.41972,4.85
4 And,346.91375,46.38722,5.33
5 And,346.93917,49.29583,5.70
5 Psc,347.17042,2.12778,5.40
88 Aqr,347.36167,-21.17250,3.66
57 Peg,347.38125,8.67722,5.12
89 Aqr,347.47833,-22.45750,4.69
π Cep,346.97458,75.38750,4.41
ι Gru,347.59000,-45.24667,3.90
58 Peg,347.50625,9.82194,5.39
2 Cas,347.43375,59.33306,5.70
6 And,347.61333,43.54417,5.94
59 Peg,347.93417,8.72000,5.16
60 Peg,347.95500,26.84722,6.17
7 And,348.13750,49.40639,4.52
φ Aqr,348.58083,-6.04889,4.22
61 Peg,348.94292,28.24778,6.49
γ Tuc,349.35750,-58.23583,3.99
χ Aqr,349.21208,-7.72667,5.06
γ Psc,349.29125,3.28222,3.69
φ Gru,349.54125,-40.82444,5.53
8 And,349.43625,49.01528,4.85
τ Oct,352.01542,-87.48222,5.49
γ Scl,349.70583,-32.53194,4.41
9 And,349.59750,41.77361,6.02
94 Aqr,349.77792,-13.45889,5.08
96 Aqr,349.85000,-5.12444,5.55
ο Cep,349.65625,68.11167,4.75
11 And,349.87417,48.62528,5.44
10 And,349.96833,42.07806,5.79
7 Psc,350.08583,5.38139,5.05
63 Peg,350.20667,30.41500,5.59
12 And,350.22208,38.18222,5.77
64 Peg,350.47875,31.81250,5.32
97 Aqr,350.66333,-15.03917,5.20
65 Peg,350.66875,20.82861,6.29
98 Aqr,350.74250,-20.10056,3.97
66 Peg,350.76917,12.31389,5.08
67 Peg,351.21167,32.38500,5.57
4 Cas,351.20958,62.28278,4.98
99 Aqr,351.51167,-20.64194,4.39
ο Gru,351.65250,-52.72167,5.52
κ Psc,351.73333,1.25556,4.94
9 Psc,351.81167,1.12250,6.25
13 And,351.78083,42.91194,5.75
69 Peg,351.91833,25.16722,5.98
θ Psc,351.99208,6.37889,4.28
70 Peg,352.28875,12.76056,4.55
100 Aqr,352.92542,-21.36944,6.29
13 Psc,352.99000,-1.08583,6.38
β Scl,353.24292,-37.81833,4.37
101 Aqr,353.31917,-20.91444,4.71
71 Peg,353.36708,22.49889,5.32
72 Peg,353.48833,31.32528,4.98
14 Psc,353.53750,-1.24750,5.87
15 And,353.65625,40.23639,5.59
73 Peg,353.65917,33.49722,5.63
ι Phe,353.76917,-42.61500,4.71
16 Psc,354.09708,2.10222,5.68
74 Peg,354.41583,16.82556,6.26
λ And,354.39125,46.45806,3.82
75 Peg,354.48667,18.40056,5.53
ι And,354.53417,43.26806,4.29
θ Phe,354.86667,-46.63778,6.09
18 And,354.78458,50.47167,5.30
ι Psc,354.98750,5.62639,4.13
μ Scl,355.15917,-32.07306,5.31
κ And,355.10208,44.33389,4.14
103 Aqr,355.39375,-18.02722,5.34
104 Aqr,355.44083,-17.81639,4.82
λ Psc,355.51167,1.78000,4.50
77 Peg,355.84333,10.33139,5.06
78 Peg,355.99792,29.36167,4.93
106 Aqr,356.05042,-18.27694,5.24
107 Aqr,356.50375,-18.67806,5.29
ψ And,356.50875,46.42028,4.95
19 Psc,356.59792,3.48667,5.04
σ Phe,356.81667,-50.22667,5.18
τ Cas,356.76458,58.65194,4.87
20 Psc,356.98542,-2.76167,5.49
δ Scl,357.23167,-28.13028,4.57
6 Cas,357.20917,62.21444,5.43
21 Psc,357.36458,1.07611,5.77
79 Peg,357.41417,28.84250,5.97
80 Peg,357.83833,9.31333,5.79
108 Aqr,357.83875,-18.90889,5.18
22 Psc,357.99125,2.93028,5.55
φ Peg,358.12208,19.12028,5.08
82 Peg,358.15458,10.94750,5.30
24 Psc,358.23167,-3.15556,5.93
25 Psc,358.27000,2.09056,6.28
ρ Cas,358.59583,57.49944,4.54
26 Psc,358.78250,7.07111,6.21
η Tuc,359.39667,-64.29833,5.00
ψ Peg,359.43958,25.14139,4.66
1 Cet,359.58833,-15.84750,6.26
27 Psc,359.66833,-3.55611,4.86
π Phe,359.73250,-52.74583,5.13
σ Cas,359.75208,55.75500,4.88
ω Psc,359.82792,6.86333,4.01
ε Tuc,359.97917,-65.57722,4.50
τ Phe,0.26875,-48.81000,5.71
θ Oct,0.39875,-77.06583,4.78
29 Psc,0.45583,-3.02750,5.10
85 Peg,0.54250,27.08194,5.75
30 Psc,0.49000,-6.01417,4.41
ζ Scl,0.58292,-29.72028,5.01
31 Psc,0.60083,8.95694,6.32
32 Psc,0.62375,8.48556,5.63
2 Cet,0.93500,-17.33611,4.55
9 Cas,1.05667,62.28778,5.88
3 Cet,1.12542,-10.50944,4.94
